#
# A fatal error has been detected by the Java Runtime Environment:
#
#  SIGSEGV (0xb) at pc=0x0000000000000000, pid=1, tid=159
#
# JRE version: OpenJDK Runtime Environment Temurin-25.0.3+9 (25.0.3+9) (build 25.0.3+9-LTS)
# Java VM: OpenJDK 64-Bit Server VM Temurin-25.0.3+9 (25.0.3+9-LTS, mixed mode, sharing, tiered, compressed oops, compressed class ptrs, g1 gc, linux-amd64)
# Problematic frame:
# C  [spark-2fcef909324768-libasyncProfiler.so.tmp+0x270e9]  VMThread::nativeThreadId(JNIEnv_*, _jobject*)+0x59
#
# Core dump will be written. Default location: Determined by the following: "/usr/share/apport/apport -p%p -s%s -c%c -d%d -P%P -u%u -g%g -F%F -- %E" (alternatively, falling back to /home/container/core.1)
#
# If you would like to submit a bug report, please visit:
#   https://github.com/adoptium/adoptium-support/issues
# The crash happened outside the Java Virtual Machine in native code.
# See problematic frame for where to report the bug.
#

---------------  S U M M A R Y ------------

Command Line: -Xms128M -Xmx6144M -Dterminal.jline=false -Dterminal.ansi=true server.jar

Host: Intel(R) Xeon(R) W-2295 CPU @ 3.00GHz, 36 cores, 6G, Ubuntu 26.04 LTS
Time: Sun Aug 30 16:44:51 2026 CEST elapsed time: 24.411458 seconds (0d 0h 0m 24s)

---------------  T H R E A D  ---------------

Current thread (0x000079df728cd700):  JavaThread "Async-profiler Timer" daemon [_thread_in_native, id=159, stack(0x000079df920e6000,0x000079df921e6000) (1024K)]

Stack: [0x000079df920e6000,0x000079df921e6000],  sp=0x000079df921e4c50,  free space=1019k
Native frames: (J=compiled Java code, j=interpreted, Vv=VM code, C=native code)
C  [spark-2fcef909324768-libasyncProfiler.so.tmp+0x270e9]  VMThread::nativeThreadId(JNIEnv_*, _jobject*)+0x59
C  [spark-2fcef909324768-libasyncProfiler.so.tmp+0x27154]  Profiler::updateThreadName(_jvmtiEnv*, JNIEnv_*, _jobject*)+0x54
V  [libjvm.so+0xc5f073]  JvmtiExport::post_thread_start(JavaThread*)+0x203
V  [libjvm.so+0xa42e80]  JavaThread::run()+0x1a0
V  [libjvm.so+0x11f842f]  Thread::call_run()+0x9f
V  [libjvm.so+0xe75b16]  thread_native_entry(Thread*)+0xd6
C  [libc.so.6+0xa40da]

siginfo: si_signo: 11 (SIGSEGV), si_code: 1 (SEGV_MAPERR), si_addr: 0x0000000000000000

Registers:
RAX=0x0000000000000000, RBX=0x000079df7199fb70, RCX=0x000079ded4000f20, RDX=0x000079df921e4c50
RSP=0x000079df921e4c48, RBP=0x000079df921e4c60, RSI=0x000079ded4000f20, RDI=0x0000000000000000
R8 =0x0000000080000000, R9 =0x0000000000000000, R10=0x0000000000000000, R11=0x0000000000000246
R12=0x000079ded4000f20, R13=0x000079df715a6cc0, R14=0x000079df728cdba0, R15=0x0000000000000000
RIP=0x0000000000000000, EFLAGS=0x0000000000010246, CSGSFS=0x002b000000000033, ERR=0x0000000000000014
  TRAPNO=0x000000000000000e

XMM[0]=0x0000000000000000 0x0000000000000000
XMM[1]=0x000079dfa5564c38 0x000079dfa5564c20
XMM[2]=0x0000000000000001 0x0000000000000001
XMM[3]=0x0000000000000002 0x0000000000000002
XMM[4]=0x0000000000000001 0x0000000000000001
XMM[5]=0x0000000000000008 0x0000000000000010
XMM[6]=0x0000000000000000 0x0000000000000000
XMM[7]=0x0000000000000000 0x0000000000000000
XMM[8]=0x0000000000000000 0x0000000000000000
XMM[9]=0x0000000000000005 0x0000000000000005
XMM[10]=0x0000000000000002 0x0000000000000002
XMM[11]=0xffffffffffffffff 0xffffffffffffffff
XMM[12]=0x0000000000000001 0x0000000000000001
XMM[13]=0x0000000000000000 0x0000000000fe00fa
XMM[14]=0x0000000000000000 0xcc199be6d5f952bc
XMM[15]=0x0000000000000000 0x0000000009dfb6d6
  MXCSR=0x00001fa7


Register to memory mapping:

RAX=0x0 is null
RBX=0x000079df7199fb70 points into unknown readable memory: 0x0000000000000000 | 00 00 00 00 00 00 00 00
RCX=0x000079ded4000f20 points into unknown readable memory: 0x00000006abeca678 | 78 a6 ec ab 06 00 00 00
RDX=0x000079df921e4c50 is pointing into the stack for thread: 0x000079df728cd700
RSP=0x000079df921e4c48 is pointing into the stack for thread: 0x000079df728cd700
RBP=0x000079df921e4c60 is pointing into the stack for thread: 0x000079df728cd700
RSI=0x000079ded4000f20 points into unknown readable memory: 0x00000006abeca678 | 78 a6 ec ab 06 00 00 00
RDI=0x0 is null
R8 =0x0000000080000000 is pointing into metadata
R9 =0x0 is null
R10=0x0 is null
R11=0x0000000000000246 is an unknown value
R12=0x000079ded4000f20 points into unknown readable memory: 0x00000006abeca678 | 78 a6 ec ab 06 00 00 00
R13=0x000079df715a6cc0 points into unknown readable memory: 0x000079e00a4f6ee0 | e0 6e 4f 0a e0 79 00 00
R14=0x000079df728cdba0 points into unknown readable memory: 0x000079e00a4ed9e0 | e0 d9 4e 0a e0 79 00 00
R15=0x0 is null

Top of Stack: (sp=0x000079df921e4c48)
0x000079df921e4c48:   000079df91e270e9 00000006abeca678   .p...y..x.......
0x000079df921e4c58:   0000000000000001 000079df921e4cc0   .........L...y..
0x000079df921e4c68:   000079df91e27154 000079df920e6000   Tq...y...`...y..
0x000079df921e4c78:   000079df728cd700 000079ded4000ce0   ...r.y.......y..
0x000079df921e4c88:   000079dfa5564c38 000079df921e4ca0   8LV..y...L...y..
0x000079df921e4c98:   000079df728cd700 000079df715a6cc0   ...r.y...lZq.y..
0x000079df921e4ca8:   000079ded4000f20 000079df921e4ce0    ....y...L...y..
0x000079df921e4cb8:   0000000000000000 000079df921e4d80   .........M...y..
0x000079df921e4cc8:   000079e0099da073 000079df921e4d10   s....y...M...y..
0x000079df921e4cd8:   010079e009be3a38 000079df921e4d00   8:...y...M...y..
0x000079df921e4ce8:   000079df728cd550 000079dfa5564c20   P..r.y.. LV..y..
0x000079df921e4cf8:   000079dfa5564c38 000079dfa5565010   8LV..y...PV..y..
0x000079df921e4d08:   00000000000003d8 000079df728cd700   ...........r.y..
0x000079df921e4d18:   000079df728cd700 000079df728cdfd0   ...r.y.....r.y..
0x000079df921e4d28:   000079df728cccf0 000079df728ccd08   ...r.y.....r.y..
0x000079df921e4d38:   000079df728ccde0 00000000000000d8   ...r.y..........
0x000079df921e4d48:   000079df728ce110 000079df921e4d80   ...r.y...M...y..
0x000079df921e4d58:   000079df728cd550 000079df728cd700   P..r.y.....r.y..
0x000079df921e4d68:   000079dfa5564c38 0000000000000014   8LV..y..........
0x000079df921e4d78:   000079dfa5564c20 000079df921e4e00    LV..y...N...y..
0x000079df921e4d88:   000079e0097bde80 0000000000000003   ..{..y..........
0x000079df921e4d98:   00000000000003d8 000079dfa5564c20   ........ LV..y..
0x000079df921e4da8:   000079dfa5564c38 000079dfa5565010   8LV..y...PV..y..
0x000079df921e4db8:   000079dfa5564c38 0000000000000057   8LV..y..W.......
0x000079df921e4dc8:   000000000000009f 000079df728cca58   ........X..r.y..
0x000079df921e4dd8:   000079df728cd700 000079df920e6000   ...r.y...`...y..
0x000079df921e4de8:   0000000000100000 000079df921e5ce4   .........\...y..
0x000079df921e4df8:   000079dfd4efa4a7 000079df921e4e60   .....y..`N...y..
0x000079df921e4e08:   000079e009f7342f 000079df921e56c0   /4...y...V...y..
0x000079df921e4e18:   000079df728cd700 000079df728cca50   ...r.y..P..r.y..
0x000079df921e4e28:   0000000000000000 000079df921e4e60   ........`N...y..
0x000079df921e4e38:   000079e009b992a9 000079df921e4e60   .....y..`N...y..

Instructions: (pc=0x000079df91e270e9)
  0x000079df91e26fe9:   48 89 45 b8 48 8b 85 58 ff ff ff 48 89 45 c0 48
  0x000079df91e26ff9:   8b 85 60 ff ff ff 48 89 45 c8 e8 f8 fb ff ff 48
  0x000079df91e27009:   8d bd 70 ff ff ff 49 89 c4 e8 99 be fe ff 48 8b
  0x000079df91e27019:   b5 20 ff ff ff 48 8d bd 10 ff ff ff e8 76 7e fe
  0x000079df91e27029:   ff e9 62 fe ff ff 90 49 81 f9 00 00 00 80 0f 8c
  0x000079df91e27039:   73 fe ff ff 44 89 c8 85 c0 0f 88 68 fe ff ff e9
  0x000079df91e27049:   44 fe ff ff 48 89 c3 48 8d bd 10 ff ff ff e8 14
  0x000079df91e27059:   84 fe ff 48 89 df e8 fc de fd ff 48 8d bd 70 ff
  0x000079df91e27069:   ff ff 48 89 c3 e8 0d d9 fd ff eb db 48 8d bd 70
  0x000079df91e27079:   ff ff ff 48 89 c3 e8 2c be fe ff eb ca 66 2e 0f
  0x000079df91e27089:   1f 84 00 00 00 00 00 55 48 89 e5 48 83 ec 10 80
  0x000079df91e27099:   3d b1 aa 22 00 00 74 37 48 8b 07 48 8b 15 ad aa
  0x000079df91e270a9:   22 00 ff 90 28 03 00 00 48 85 c0 ba ff ff ff ff
  0x000079df91e270b9:   74 15 48 63 0d 5e 1e 22 00 48 63 15 67 1e 22 00
  0x000079df91e270c9:   48 8b 04 08 8b 14 10 89 d0 c9 c3 0f 1f 40 00 48
  0x000079df91e270d9:   8d 55 f0 48 8b 3d 15 a7 22 00 ff 15 27 a7 22 00
=>0x000079df91e270e9:   ba ff ff ff ff 85 c0 0f 44 55 f0 c9 89 d0 c3 0f
  0x000079df91e270f9:   1f 84 00 00 00 00 00 55 48 89 e5 48 89 5d d8 4c
  0x000079df91e27109:   89 65 e0 48 89 fb 4c 89 6d e8 4c 89 75 f0 4c 89
  0x000079df91e27119:   7d f8 48 83 ec 50 80 bf 07 83 00 00 00 75 18 48
  0x000079df91e27129:   8b 5d d8 4c 8b 65 e0 4c 8b 6d e8 4c 8b 75 f0 4c
  0x000079df91e27139:   8b 7d f8 c9 c3 66 90 49 89 f5 48 89 d7 48 89 ce
  0x000079df91e27149:   49 89 d6 49 89 cc e8 3c ff ff ff 85 c0 41 89 c7
  0x000079df91e27159:   78 cd 49 8b 45 00 48 8d 55 b0 4c 89 e6 4c 89 ef
  0x000079df91e27169:   ff 50 40 85 c0 75 b8 49 8b 06 4c 89 e6 4c 89 f7
  0x000079df91e27179:   48 8b 15 30 24 22 00 ff 90 28 03 00 00 48 8b 55
  0x000079df91e27189:   b0 48 89 c1 44 89 fe 48 89 df e8 28 7d ff ff 49
  0x000079df91e27199:   8b 45 00 48 8b 75 b0 4c 89 ef ff 90 70 01 00 00
  0x000079df91e271a9:   e9 7a ff ff ff 66 90 55 48 89 e5 4c 89 6d e8 4c
  0x000079df91e271b9:   89 75 f0 48 8d 55 b0 48 89 5d d8 4c 89 65 e0 49
  0x000079df91e271c9:   89 fe 4c 89 7d f8 48 83 ec 60 4c 8b 2d 26 24 22
  0x000079df91e271d9:   00 48 8d 75 a0 49 8b 45 00 4c 89 ef ff 50 18 85


Stack slot to memory mapping:

stack at sp + 0 slots: 0x00000006abeca678 is an oop: java.lang.Thread 
{0x00000006abeca678} - klass: 'java/lang/Thread' - flags: 

 - ---- fields (total size 14 words):
 - 'threadLocalRandomProbe' 'I' @12  0 (0x00000000)
 - private volatile 'eetop' 'J' @16  134000606500608 (0x000079df728cd700)
 - private final 'tid' 'J' @24  87 (0x0000000000000057)
 - 'threadLocalRandomSeed' 'J' @32  0 (0x0000000000000000)
 - injected 'jvmti_thread_state' 'J' @40  133997946474000 (0x000079ded4000e10)
 - 'threadLocalRandomSecondarySeed' 'I' @48  0 (0x00000000)
 - injected 'jvmti_VTMS_transition_disable_count' 'I' @52  0 (0x00000000)
 - injected 'jfr_epoch' 'S' @56  0 (0x0000)
 - volatile 'interrupted' 'Z' @58  false (0x00)
 - injected 'jvmti_is_in_VTMS_transition' 'Z' @59  false (0x00)
 - private volatile 'name' 'Ljava/lang/String;' @60  "Async-profiler Timer"{0x00000006abeca638} (0xd57d94c7)
 - private volatile 'contextClassLoader' 'Ljava/lang/ClassLoader;' @64  a 'java/net/URLClassLoader'{0x00000007ff801020} (0xfff00204)
 - private final 'holder' 'Ljava/lang/Thread$FieldHolder;' @68  a 'java/lang/Thread$FieldHolder'{0x00000006abeca6f8} (0xd57d94df)
 - private 'threadLocals' 'Ljava/lang/ThreadLocal$ThreadLocalMap;' @72  null (0x00000000)
 - private 'inheritableThreadLocals' 'Ljava/lang/ThreadLocal$ThreadLocalMap;' @76  null (0x00000000)
 - private 'scopedValueBindings' 'Ljava/lang/Object;' @80  a 'java/lang/Class'{0x00000006800001f8} = 'java/lang/Thread' (0xd000003f)
 - final 'interruptLock' 'Ljava/lang/Object;' @84  a 'java/lang/Object'{0x00000006abeca6e8} (0xd57d94dd)
 - private volatile 'parkBlocker' 'Ljava/lang/Object;' @88  null (0x00000000)
 - private 'nioBlocker' 'Lsun/nio/ch/Interruptible;' @92  null (0x00000000)
 - private 'cont' 'Ljdk/internal/vm/Continuation;' @96  null (0x00000000)
 - private volatile 'uncaughtExceptionHandler' 'Ljava/lang/Thread$UncaughtExceptionHandler;' @100  null (0x00000000)
 - private 'container' 'Ljdk/internal/vm/ThreadContainer;' @104  null (0x00000000)
 - private volatile 'headStackableScopes' 'Ljdk/internal/vm/StackableScope;' @108  null (0x00000000)
stack at sp + 1 slots: 0x0000000000000001 is an unknown value
stack at sp + 2 slots: 0x000079df921e4cc0 is pointing into the stack for thread: 0x000079df728cd700
stack at sp + 3 slots: 0x000079df91e27154: <offset 0x0000000000027154> in /home/container/plugins/spark/tmp-client/spark-2fcef909324768-libasyncProfiler.so.tmp at 0x000079df91e00000
stack at sp + 4 slots: 0x000079df920e6000 is pointing into the stack for thread: 0x000079df728cd700
stack at sp + 5 slots: 0x000079df728cd700 is a thread
stack at sp + 6 slots: 0x000079ded4000ce0 points into unknown readable memory: 0x0000000000000000 | 00 00 00 00 00 00 00 00
stack at sp + 7 slots: 0x000079dfa5564c38 points into unknown readable memory: 0x6e616c2e6176616a | 6a 61 76 61 2e 6c 61 6e

Lock stack of current Java thread (top to bottom):


---------------  P R O C E S S  ---------------

Threads class SMR info:
_java_thread_list=0x000079df728d0980, length=54, elements={
0x000079e004117730, 0x000079e004118f60, 0x000079e00411a9b0, 0x000079e00411c2d0,
0x000079e00411db50, 0x000079e00411f950, 0x000079e004121340, 0x000079e004145f60,
0x000079e004148af0, 0x000079e00402ae00, 0x000079df8c697f80, 0x000079df8c94cef0,
0x000079df8c947830, 0x000079df8dc9d150, 0x000079df8dcc4470, 0x000079df6c04bc90,
0x000079df8df2eaa0, 0x000079df8df89d90, 0x000079df70043980, 0x000079df70044680,
0x000079df70046830, 0x000079df700474a0, 0x000079df7060eab0, 0x000079df7064be20,
0x000079df70767b00, 0x000079df70769fa0, 0x000079df707a2c80, 0x000079df707a3ce0,
0x000079df707b1bd0, 0x000079df708b7db0, 0x000079df70af43a0, 0x000079df70b16b80,
0x000079df70b1fa40, 0x000079df70df0030, 0x000079df70e63630, 0x000079df7119e9a0,
0x000079df713f5500, 0x000079df713f63f0, 0x000079df713f8740, 0x000079df716bde10,
0x000079df71710330, 0x000079df71715b70, 0x000079df71726af0, 0x000079df0c0015f0,
0x000079df70f7c7b0, 0x000079df718fd7e0, 0x000079df7190e600, 0x000079df7190eeb0,
0x000079df719169f0, 0x000079df71943dd0, 0x000079df7195f280, 0x000079df71962110,
0x000079df728cd700, 0x000079df728cf420
}

Java Threads: ( => current thread )
  0x000079e004117730 JavaThread "Reference Handler"          daemon [_thread_blocked, id=78, stack(0x000079dfe430e000,0x000079dfe440e000) (1024K)]
  0x000079e004118f60 JavaThread "Finalizer"                  daemon [_thread_blocked, id=79, stack(0x000079dfe420e000,0x000079dfe430e000) (1024K)]
  0x000079e00411a9b0 JavaThread "Signal Dispatcher"          daemon [_thread_blocked, id=80, stack(0x000079dfe410e000,0x000079dfe420e000) (1024K)]
  0x000079e00411c2d0 JavaThread "Service Thread"             daemon [_thread_blocked, id=81, stack(0x000079dfe400e000,0x000079dfe410e000) (1024K)]
  0x000079e00411db50 JavaThread "Monitor Deflation Thread"   daemon [_thread_blocked, id=82, stack(0x000079dfd5f00000,0x000079dfd6000000) (1024K)]
  0x000079e00411f950 JavaThread "C2 CompilerThread0"         daemon [_thread_in_native, id=83, stack(0x000079dfd5e00000,0x000079dfd5f00000) (1024K)]
  0x000079e004121340 JavaThread "C1 CompilerThread0"         daemon [_thread_in_native, id=84, stack(0x000079dfd5d00000,0x000079dfd5e00000) (1024K)]
  0x000079e004145f60 JavaThread "Notification Thread"        daemon [_thread_blocked, id=85, stack(0x000079dfd5c00000,0x000079dfd5d00000) (1024K)]
  0x000079e004148af0 JavaThread "Common-Cleaner"             daemon [_thread_blocked, id=86, stack(0x000079dfd5b00000,0x000079dfd5c00000) (1024K)]
  0x000079e00402ae00 JavaThread "DestroyJavaVM"                     [_thread_blocked, id=69, stack(0x000079e008b50000,0x000079e008c50000) (1024K)]
  0x000079df8c697f80 JavaThread "Log4j2-AsyncAppenderEventDispatcher-1-Async" daemon [_thread_blocked, id=91, stack(0x000079dfd5900000,0x000079dfd5a00000) (1024K)]
  0x000079df8c94cef0 JavaThread "process reaper"             daemon [_thread_blocked, id=93, stack(0x000079dfd58cc000,0x000079dfd58ee000) (136K)]
  0x000079df8c947830 JavaThread "JNA Cleaner"                daemon [_thread_blocked, id=94, stack(0x000079dfd5500000,0x000079dfd5600000) (1024K)]
  0x000079df8dc9d150 JavaThread "Timer hack thread"          daemon [_thread_blocked, id=103, stack(0x000079dfd4ffd000,0x000079dfd50fd000) (1024K)]
  0x000079df8dcc4470 JavaThread "Yggdrasil Key Fetcher"      daemon [_thread_blocked, id=104, stack(0x000079dfd4efd000,0x000079dfd4ffd000) (1024K)]
  0x000079df6c04bc90 JavaThread "Keep-Alive-Timer"           daemon [_thread_blocked, id=106, stack(0x000079dfd5300000,0x000079dfd5400000) (1024K)]
  0x000079df8df2eaa0 JavaThread "Worker-Main-1"              daemon [_thread_in_Java, id=107, stack(0x000079dfd5400000,0x000079dfd5500000) (1024K)]
  0x000079df8df89d90 JavaThread "Server thread"                     [_thread_in_Java, id=108, stack(0x000079dfd4dfd000,0x000079dfd4efd000) (1024K)]
  0x000079df70043980 JavaThread "Craft Scheduler Thread - 0"        [_thread_blocked, id=109, stack(0x000079dfd5a00000,0x000079dfd5b00000) (1024K)]
  0x000079df70044680 JavaThread "Craft Scheduler Thread - 1"        [_thread_blocked, id=110, stack(0x000079dfd4cfd000,0x000079dfd4dfd000) (1024K)]
  0x000079df70046830 JavaThread "Craft Scheduler Thread - 2"        [_thread_blocked, id=111, stack(0x000079dfd4bfd000,0x000079dfd4cfd000) (1024K)]
  0x000079df700474a0 JavaThread "Craft Scheduler Thread - 3"        [_thread_blocked, id=112, stack(0x000079dfd4afd000,0x000079dfd4bfd000) (1024K)]
  0x000079df7060eab0 JavaThread "Java2D Disposer"            daemon [_thread_blocked, id=113, stack(0x000079dfd4902000,0x000079dfd4a02000) (1024K)]
  0x000079df7064be20 JavaThread "ForkJoinPool.commonPool-worker-1" daemon [_thread_in_Java, id=114, stack(0x000079dfd4802000,0x000079dfd4902000) (1024K)]
  0x000079df70767b00 JavaThread "Paper Common Worker #0"            [_thread_blocked, id=115, stack(0x000079dfd4702000,0x000079dfd4802000) (1024K)]
  0x000079df70769fa0 JavaThread "RegionFile I/O Thread #0"          [_thread_blocked, id=116, stack(0x000079dfd4602000,0x000079dfd4702000) (1024K)]
  0x000079df707a2c80 JavaThread "Watchdog Thread"                   [_thread_blocked, id=117, stack(0x000079dfd4502000,0x000079dfd4602000) (1024K)]
  0x000079df707a3ce0 JavaThread "Server console handler"     daemon [_thread_in_native, id=118, stack(0x000079dfd4402000,0x000079dfd4502000) (1024K)]
  0x000079df707b1bd0 JavaThread "pool-8-thread-1"                   [_thread_blocked, id=119, stack(0x000079dfd4302000,0x000079dfd4402000) (1024K)]
  0x000079df708b7db0 JavaThread "Netty Epoll Server IO #0"   daemon [_thread_in_native, id=122, stack(0x000079dfd4202000,0x000079dfd4302000) (1024K)]
  0x000079df70af43a0 JavaThread "Via-Mappingloader-1"        daemon [_thread_blocked, id=123, stack(0x000079dfd403f000,0x000079dfd413f000) (1024K)]
  0x000079df70b16b80 JavaThread "Via-Mappingloader-2"        daemon [_thread_blocked, id=124, stack(0x000079df93f00000,0x000079df94000000) (1024K)]
  0x000079df70b1fa40 JavaThread "Via-Mappingloader-3"        daemon [_thread_blocked, id=125, stack(0x000079df934e6000,0x000079df935e6000) (1024K)]
  0x000079df70df0030 JavaThread "Timer-0"                    daemon [_thread_blocked, id=126, stack(0x000079df933e6000,0x000079df934e6000) (1024K)]
  0x000079df70e63630 JavaThread "bStats-Metrics"             daemon [_thread_blocked, id=127, stack(0x000079df932e6000,0x000079df933e6000) (1024K)]
  0x000079df7119e9a0 JavaThread "Folia Async Scheduler Thread #0"        [_thread_blocked, id=128, stack(0x000079df931e6000,0x000079df932e6000) (1024K)]
  0x000079df713f5500 JavaThread "Folia Async Scheduler Thread Timer"        [_thread_blocked, id=129, stack(0x000079df930e6000,0x000079df931e6000) (1024K)]
  0x000079df713f63f0 JavaThread "Folia Async Scheduler Thread #1"        [_thread_blocked, id=130, stack(0x000079df92fe6000,0x000079df930e6000) (1024K)]
  0x000079df713f8740 JavaThread "Folia Async Scheduler Thread #2"        [_thread_blocked, id=131, stack(0x000079df92ee6000,0x000079df92fe6000) (1024K)]
  0x000079df716bde10 JavaThread "bStats-Metrics"             daemon [_thread_blocked, id=136, stack(0x000079df92de6000,0x000079df92ee6000) (1024K)]
  0x000079df71710330 JavaThread "TAB Permission Group Refreshing Thread"        [_thread_blocked, id=137, stack(0x000079df92ce6000,0x000079df92de6000) (1024K)]
  0x000079df71715b70 JavaThread "TAB TabList Entry Checker Thread"        [_thread_blocked, id=138, stack(0x000079df92be6000,0x000079df92ce6000) (1024K)]
  0x000079df71726af0 JavaThread "TAB Processing Thread"             [_thread_blocked, id=139, stack(0x000079df92ae6000,0x000079df92be6000) (1024K)]
  0x000079df0c0015f0 JavaThread "TAB Placeholder Refreshing Thread"        [_thread_blocked, id=140, stack(0x000079df929e6000,0x000079df92ae6000) (1024K)]
  0x000079df70f7c7b0 JavaThread "EvtSystemTime-Tasks"               [_thread_blocked, id=141, stack(0x000079df928e6000,0x000079df929e6000) (1024K)]
  0x000079df718fd7e0 JavaThread "DimensionDataIO - ./world - 0" daemon [_thread_blocked, id=142, stack(0x000079df927e6000,0x000079df928e6000) (1024K)]
  0x000079df7190e600 JavaThread "DimensionDataIO - ./world_nether/DIM-1 - 0" daemon [_thread_blocked, id=143, stack(0x000079df926e6000,0x000079df927e6000) (1024K)]
  0x000079df7190eeb0 JavaThread "DimensionDataIO - ./world_the_end/DIM1 - 0" daemon [_thread_blocked, id=144, stack(0x000079df925e6000,0x000079df926e6000) (1024K)]
  0x000079df719169f0 JavaThread "bStats-Metrics"                    [_thread_blocked, id=145, stack(0x000079df924e6000,0x000079df925e6000) (1024K)]
  0x000079df71943dd0 JavaThread "ConfigSaver"                daemon [_thread_blocked, id=146, stack(0x000079df923e6000,0x000079df924e6000) (1024K)]
  0x000079df7195f280 JavaThread "spark-monitoring-thread"    daemon [_thread_blocked, id=147, stack(0x000079df922e6000,0x000079df923e6000) (1024K)]
  0x000079df71962110 JavaThread "Paper Async Task Handler Thread - 0"        [_thread_blocked, id=148, stack(0x000079df921e6000,0x000079df922e6000) (1024K)]
=>0x000079df728cd700 JavaThread "Async-profiler Timer"       daemon [_thread_in_native, id=159, stack(0x000079df920e6000,0x000079df921e6000) (1024K)]
  0x000079df728cf420 JavaThread "spark-async-sampler-worker-thread"        [_thread_in_native, id=160, stack(0x000079df91a60000,0x000079df91b60000) (1024K)]
Total: 54

Other Threads:
  0x000079e00410d650 VMThread "VM Thread"                           [id=77, stack(0x000079dfe46fc000,0x000079dfe47fc000) (1024K)]
  0x000079e0040fd160 WatcherThread "VM Periodic Task Thread"        [id=76, stack(0x000079dfe47fd000,0x000079dfe48fd000) (1024K)]
  0x000079e0040b8070 WorkerThread "GC Thread#0"                     [id=70, stack(0x000079e0084e6000,0x000079e0085e6000) (1024K)]
  0x000079dfbc0062a0 WorkerThread "GC Thread#1"                     [id=87, stack(0x000079dfd51ff000,0x000079dfd52ff000) (1024K)]
  0x000079dfbc007020 WorkerThread "GC Thread#2"                     [id=88, stack(0x000079dfd50fe000,0x000079dfd51fe000) (1024K)]
  0x000079e0040cb8c0 ConcurrentGCThread "G1 Main Marker"            [id=71, stack(0x000079e0083e5000,0x000079e0084e5000) (1024K)]
  0x000079e0040cca90 WorkerThread "G1 Conc#0"                       [id=72, stack(0x000079e0082e4000,0x000079e0083e4000) (1024K)]
  0x000079e0040e5a30 ConcurrentGCThread "G1 Refine#0"               [id=73, stack(0x000079dfe49ff000,0x000079dfe4aff000) (1024K)]
  0x000079e0040e6c20 ConcurrentGCThread "G1 Service"                [id=74, stack(0x000079dfe48fe000,0x000079dfe49fe000) (1024K)]
Total: 9

Threads with active compile tasks:
C2 CompilerThread0  24424 19138       4       org.bukkit.craftbukkit.inventory.CraftMetaItem::updateFromPatch (504 bytes)
C1 CompilerThread0  24424 19147       2       org.bukkit.help.GenericCommandHelpTopic::<init> (246 bytes)
Total: 2

VM state: not at safepoint (normal execution)

VM Mutex/Monitor currently owned by a thread: None

Heap address: 0x0000000680000000, size: 6144 MB, Compressed Oops mode: Zero based, Oop shift amount: 3

CDS archive(s) mapped at: [0x000000005c000000-0x000000005cd95000-0x000000005cd95000), size 14241792, SharedBaseAddress: 0x000000005c000000, ArchiveRelocationMode: 1.
Compressed class space mapped at: 0x000000005d000000-0x000000009d000000, reserved size: 1073741824
UseCompressedClassPointers 1, UseCompactObjectHeaders 0
Narrow klass pointer bits 32, Max shift 3
Narrow klass base: 0x000000005c000000, Narrow klass shift: 0
Encoding Range: [0x000000005c000000 - 0x000000015c000000), (4294967296 bytes)
Klass Range:    [0x000000005c001000 - 0x000000009d000000), (1090514944 bytes)
Klass ID Range:  [4096 - 1090519033) (1090514937)
Protection zone: [0x000000005c000000 - 0x000000005c001000), (4096 bytes)

GC Precious Log:
 CardTable entry size: 512
 Card Set container configuration: InlinePtr #cards 4 size 8 Array Of Cards #cards 32 size 80 Howl #buckets 8 coarsen threshold 7372 Howl Bitmap #cards 1024 size 144 coarsen threshold 921 Card regions per heap region 1 cards per card region 8192
 CPUs: 36 total, 3 available
 Memory: 6451M
 Large Page Support: Disabled
 NUMA Support: Disabled
 Compressed Oops: Enabled (Zero based)
 Heap Region Size: 4M
 Heap Min Capacity: 128M
 Heap Initial Capacity: 128M
 Heap Max Capacity: 6G
 Pre-touch: Disabled
 Parallel Workers: 3
 Concurrent Workers: 1
 Concurrent Refinement Workers: 3
 Periodic GC: Disabled

Heap:
 garbage-first heap   total reserved 6291456K, committed 1077248K, used 739010K [0x0000000680000000, 0x0000000800000000)
  region size 4096K, 107 young (438272K), 14 survivors (57344K)

Heap Regions: E=young(eden), S=young(survivor), O=old, HS=humongous(starts), HC=humongous(continues), CS=collection set, F=free, TAMS=top-at-mark-start, PB=parsable bottom
|   0|0x0000000680000000, 0x0000000680400000, 0x0000000680400000|100%| O|  |TAMS 0x0000000680000000| PB 0x0000000680000000| Untracked |  0
|   1|0x0000000680400000, 0x0000000680800000, 0x0000000680800000|100%| O|  |TAMS 0x0000000680400000| PB 0x0000000680400000| Untracked |  0
|   2|0x0000000680800000, 0x0000000680c00000, 0x0000000680c00000|100%| O|Cm|TAMS 0x0000000680800000| PB 0x0000000680800000| Complete |  0
|   3|0x0000000680c00000, 0x0000000681000000, 0x0000000681000000|100%| O|  |TAMS 0x0000000680c00000| PB 0x0000000680c00000| Untracked |  0
|   4|0x0000000681000000, 0x0000000681400000, 0x0000000681400000|100%| O|Cm|TAMS 0x0000000681000000| PB 0x0000000681000000| Complete |  0
|   5|0x0000000681400000, 0x0000000681800000, 0x0000000681800000|100%| O|  |TAMS 0x0000000681400000| PB 0x0000000681400000| Untracked |  0
|   6|0x0000000681800000, 0x0000000681c00000, 0x0000000681c00000|100%| O|  |TAMS 0x0000000681800000| PB 0x0000000681800000| Untracked |  0
|   7|0x0000000681c00000, 0x0000000682000000, 0x0000000682000000|100%| O|  |TAMS 0x0000000681c00000| PB 0x0000000681c00000| Untracked |  0
|   8|0x0000000682000000, 0x0000000682400000, 0x0000000682400000|100%| O|  |TAMS 0x0000000682000000| PB 0x0000000682000000| Untracked |  0
|   9|0x0000000682400000, 0x0000000682800000, 0x0000000682800000|100%| O|Cm|TAMS 0x0000000682400000| PB 0x0000000682400000| Complete |  0
|  10|0x0000000682800000, 0x0000000682c00000, 0x0000000682c00000|100%| O|  |TAMS 0x0000000682800000| PB 0x0000000682800000| Untracked |  0
|  11|0x0000000682c00000, 0x0000000683000000, 0x0000000683000000|100%| O|  |TAMS 0x0000000682c00000| PB 0x0000000682c00000| Untracked |  0
|  12|0x0000000683000000, 0x0000000683400000, 0x0000000683400000|100%| O|  |TAMS 0x0000000683000000| PB 0x0000000683000000| Untracked |  0
|  13|0x0000000683400000, 0x0000000683800000, 0x0000000683800000|100%| O|  |TAMS 0x0000000683400000| PB 0x0000000683400000| Untracked |  0
|  14|0x0000000683800000, 0x0000000683c00000, 0x0000000683c00000|100%| O|  |TAMS 0x0000000683800000| PB 0x0000000683800000| Untracked |  0
|  15|0x0000000683c00000, 0x0000000684000000, 0x0000000684000000|100%| O|  |TAMS 0x0000000683c00000| PB 0x0000000683c00000| Untracked |  0
|  16|0x0000000684000000, 0x0000000684400000, 0x0000000684400000|100%| O|  |TAMS 0x0000000684000000| PB 0x0000000684000000| Untracked |  0
|  17|0x0000000684400000, 0x0000000684800000, 0x0000000684800000|100%| O|  |TAMS 0x0000000684400000| PB 0x0000000684400000| Untracked |  0
|  18|0x0000000684800000, 0x0000000684c00000, 0x0000000684c00000|100%| O|  |TAMS 0x0000000684800000| PB 0x0000000684800000| Untracked |  0
|  19|0x0000000684c00000, 0x0000000685000000, 0x0000000685000000|100%| O|  |TAMS 0x0000000684c00000| PB 0x0000000684c00000| Untracked |  0
|  20|0x0000000685000000, 0x0000000685400000, 0x0000000685400000|100%| O|  |TAMS 0x0000000685000000| PB 0x0000000685000000| Untracked |  0
|  21|0x0000000685400000, 0x0000000685800000, 0x0000000685800000|100%| O|  |TAMS 0x0000000685400000| PB 0x0000000685400000| Untracked |  0
|  22|0x0000000685800000, 0x0000000685c00000, 0x0000000685c00000|100%| O|  |TAMS 0x0000000685800000| PB 0x0000000685800000| Untracked |  0
|  23|0x0000000685c00000, 0x0000000686000000, 0x0000000686000000|100%| O|  |TAMS 0x0000000685c00000| PB 0x0000000685c00000| Untracked |  0
|  24|0x0000000686000000, 0x0000000686400000, 0x0000000686400000|100%| O|  |TAMS 0x0000000686000000| PB 0x0000000686000000| Untracked |  0
|  25|0x0000000686400000, 0x0000000686800000, 0x0000000686800000|100%| O|  |TAMS 0x0000000686400000| PB 0x0000000686400000| Untracked |  0
|  26|0x0000000686800000, 0x0000000686c00000, 0x0000000686c00000|100%| O|  |TAMS 0x0000000686800000| PB 0x0000000686800000| Untracked |  0
|  27|0x0000000686c00000, 0x0000000687000000, 0x0000000687000000|100%| O|  |TAMS 0x0000000686c00000| PB 0x0000000686c00000| Untracked |  0
|  28|0x0000000687000000, 0x0000000687400000, 0x0000000687400000|100%| O|  |TAMS 0x0000000687000000| PB 0x0000000687000000| Untracked |  0
|  29|0x0000000687400000, 0x0000000687800000, 0x0000000687800000|100%| O|  |TAMS 0x0000000687400000| PB 0x0000000687400000| Untracked |  0
|  30|0x0000000687800000, 0x0000000687c00000, 0x0000000687c00000|100%| O|  |TAMS 0x0000000687800000| PB 0x0000000687800000| Untracked |  0
|  31|0x0000000687c00000, 0x0000000688000000, 0x0000000688000000|100%| O|  |TAMS 0x0000000687c00000| PB 0x0000000687c00000| Untracked |  0
|  32|0x0000000688000000, 0x0000000688400000, 0x0000000688400000|100%| O|  |TAMS 0x0000000688000000| PB 0x0000000688000000| Untracked |  0
|  33|0x0000000688400000, 0x0000000688800000, 0x0000000688800000|100%| O|  |TAMS 0x0000000688400000| PB 0x0000000688400000| Untracked |  0
|  34|0x0000000688800000, 0x0000000688c00000, 0x0000000688c00000|100%| O|  |TAMS 0x0000000688800000| PB 0x0000000688800000| Untracked |  0
|  35|0x0000000688c00000, 0x0000000689000000, 0x0000000689000000|100%| O|  |TAMS 0x0000000688c00000| PB 0x0000000688c00000| Untracked |  0
|  36|0x0000000689000000, 0x0000000689400000, 0x0000000689400000|100%| O|  |TAMS 0x0000000689000000| PB 0x0000000689000000| Untracked |  0
|  37|0x0000000689400000, 0x0000000689800000, 0x0000000689800000|100%| O|  |TAMS 0x0000000689400000| PB 0x0000000689400000| Untracked |  0
|  38|0x0000000689800000, 0x0000000689c00000, 0x0000000689c00000|100%| O|  |TAMS 0x0000000689800000| PB 0x0000000689800000| Untracked |  0
|  39|0x0000000689c00000, 0x000000068a000000, 0x000000068a000000|100%| O|  |TAMS 0x0000000689c00000| PB 0x0000000689c00000| Untracked |  0
|  40|0x000000068a000000, 0x000000068a400000, 0x000000068a400000|100%| O|  |TAMS 0x000000068a000000| PB 0x000000068a000000| Untracked |  0
|  41|0x000000068a400000, 0x000000068a800000, 0x000000068a800000|100%| O|  |TAMS 0x000000068a400000| PB 0x000000068a400000| Untracked |  0
|  42|0x000000068a800000, 0x000000068ac00000, 0x000000068ac00000|100%| O|  |TAMS 0x000000068a800000| PB 0x000000068a800000| Untracked |  0
|  43|0x000000068ac00000, 0x000000068b000000, 0x000000068b000000|100%| O|  |TAMS 0x000000068ac00000| PB 0x000000068ac00000| Untracked |  0
|  44|0x000000068b000000, 0x000000068b400000, 0x000000068b400000|100%| O|  |TAMS 0x000000068b000000| PB 0x000000068b000000| Untracked |  0
|  45|0x000000068b400000, 0x000000068b800000, 0x000000068b800000|100%| O|  |TAMS 0x000000068b400000| PB 0x000000068b400000| Untracked |  0
|  46|0x000000068b800000, 0x000000068bc00000, 0x000000068bc00000|100%| O|  |TAMS 0x000000068b800000| PB 0x000000068b800000| Untracked |  0
|  47|0x000000068bc00000, 0x000000068c000000, 0x000000068c000000|100%| O|  |TAMS 0x000000068bc00000| PB 0x000000068bc00000| Untracked |  0
|  48|0x000000068c000000, 0x000000068c400000, 0x000000068c400000|100%| O|  |TAMS 0x000000068c000000| PB 0x000000068c000000| Untracked |  0
|  49|0x000000068c400000, 0x000000068c800000, 0x000000068c800000|100%| O|  |TAMS 0x000000068c400000| PB 0x000000068c400000| Untracked |  0
|  50|0x000000068c800000, 0x000000068cc00000, 0x000000068cc00000|100%| O|  |TAMS 0x000000068c800000| PB 0x000000068c800000| Untracked |  0
|  51|0x000000068cc00000, 0x000000068d000000, 0x000000068d000000|100%| O|  |TAMS 0x000000068cc00000| PB 0x000000068cc00000| Untracked |  0
|  52|0x000000068d000000, 0x000000068d400000, 0x000000068d400000|100%| O|  |TAMS 0x000000068d000000| PB 0x000000068d000000| Untracked |  0
|  53|0x000000068d400000, 0x000000068d800000, 0x000000068d800000|100%| O|  |TAMS 0x000000068d400000| PB 0x000000068d400000| Untracked |  0
|  54|0x000000068d800000, 0x000000068dc00000, 0x000000068dc00000|100%| O|  |TAMS 0x000000068d800000| PB 0x000000068d800000| Untracked |  0
|  55|0x000000068dc00000, 0x000000068e000000, 0x000000068e000000|100%| O|  |TAMS 0x000000068dc00000| PB 0x000000068dc00000| Untracked |  0
|  56|0x000000068e000000, 0x000000068e400000, 0x000000068e400000|100%| O|  |TAMS 0x000000068e000000| PB 0x000000068e000000| Untracked |  0
|  57|0x000000068e400000, 0x000000068e800000, 0x000000068e800000|100%| O|  |TAMS 0x000000068e400000| PB 0x000000068e400000| Untracked |  0
|  58|0x000000068e800000, 0x000000068ec00000, 0x000000068ec00000|100%| O|  |TAMS 0x000000068e800000| PB 0x000000068e800000| Untracked |  0
|  59|0x000000068ec00000, 0x000000068f000000, 0x000000068f000000|100%| O|  |TAMS 0x000000068ec00000| PB 0x000000068ec00000| Untracked |  0
|  60|0x000000068f000000, 0x000000068f400000, 0x000000068f400000|100%| O|  |TAMS 0x000000068f000000| PB 0x000000068f000000| Untracked |  0
|  61|0x000000068f400000, 0x000000068f800000, 0x000000068f800000|100%| O|  |TAMS 0x000000068f400000| PB 0x000000068f400000| Untracked |  0
|  62|0x000000068f800000, 0x000000068fc00000, 0x000000068fc00000|100%| O|  |TAMS 0x000000068f800000| PB 0x000000068f800000| Untracked |  0
|  63|0x000000068fc00000, 0x000000068fc00000, 0x0000000690000000|  0%| F|  |TAMS 0x000000068fc00000| PB 0x000000068fc00000| Untracked |  0
|  64|0x0000000690000000, 0x0000000690000000, 0x0000000690400000|  0%| F|  |TAMS 0x0000000690000000| PB 0x0000000690000000| Untracked |  0
|  65|0x0000000690400000, 0x0000000690400000, 0x0000000690800000|  0%| F|  |TAMS 0x0000000690400000| PB 0x0000000690400000| Untracked |  0
|  66|0x0000000690800000, 0x0000000690800000, 0x0000000690c00000|  0%| F|  |TAMS 0x0000000690800000| PB 0x0000000690800000| Untracked |  0
|  67|0x0000000690c00000, 0x0000000690c00000, 0x0000000691000000|  0%| F|  |TAMS 0x0000000690c00000| PB 0x0000000690c00000| Untracked |  0
|  68|0x0000000691000000, 0x0000000691000000, 0x0000000691400000|  0%| F|  |TAMS 0x0000000691000000| PB 0x0000000691000000| Untracked |  0
|  69|0x0000000691400000, 0x0000000691400000, 0x0000000691800000|  0%| F|  |TAMS 0x0000000691400000| PB 0x0000000691400000| Untracked |  0
|  70|0x0000000691800000, 0x0000000691800000, 0x0000000691c00000|  0%| F|  |TAMS 0x0000000691800000| PB 0x0000000691800000| Untracked |  0
|  71|0x0000000691c00000, 0x0000000691c00000, 0x0000000692000000|  0%| F|  |TAMS 0x0000000691c00000| PB 0x0000000691c00000| Untracked |  0
|  72|0x0000000692000000, 0x0000000692000000, 0x0000000692400000|  0%| F|  |TAMS 0x0000000692000000| PB 0x0000000692000000| Untracked |  0
|  73|0x0000000692400000, 0x0000000692400000, 0x0000000692800000|  0%| F|  |TAMS 0x0000000692400000| PB 0x0000000692400000| Untracked |  0
|  74|0x0000000692800000, 0x0000000692800000, 0x0000000692c00000|  0%| F|  |TAMS 0x0000000692800000| PB 0x0000000692800000| Untracked |  0
|  75|0x0000000692c00000, 0x0000000692c00000, 0x0000000693000000|  0%| F|  |TAMS 0x0000000692c00000| PB 0x0000000692c00000| Untracked |  0
|  76|0x0000000693000000, 0x0000000693000000, 0x0000000693400000|  0%| F|  |TAMS 0x0000000693000000| PB 0x0000000693000000| Untracked |  0
|  77|0x0000000693400000, 0x0000000693400000, 0x0000000693800000|  0%| F|  |TAMS 0x0000000693400000| PB 0x0000000693400000| Untracked |  0
|  78|0x0000000693800000, 0x0000000693800000, 0x0000000693c00000|  0%| F|  |TAMS 0x0000000693800000| PB 0x0000000693800000| Untracked |  0
|  79|0x0000000693c00000, 0x0000000694000000, 0x0000000694000000|100%| O|  |TAMS 0x0000000693c00000| PB 0x0000000693c00000| Untracked |  0
|  80|0x0000000694000000, 0x0000000694400000, 0x0000000694400000|100%| O|  |TAMS 0x0000000694000000| PB 0x0000000694000000| Untracked |  0
|  81|0x0000000694400000, 0x00000006945b0928, 0x0000000694800000| 42%| O|  |TAMS 0x0000000694400000| PB 0x0000000694400000| Untracked |  0
|  82|0x0000000694800000, 0x0000000694800000, 0x0000000694c00000|  0%| F|  |TAMS 0x0000000694800000| PB 0x0000000694800000| Untracked |  0
|  83|0x0000000694c00000, 0x0000000694c00000, 0x0000000695000000|  0%| F|  |TAMS 0x0000000694c00000| PB 0x0000000694c00000| Untracked |  0
|  84|0x0000000695000000, 0x0000000695000000, 0x0000000695400000|  0%| F|  |TAMS 0x0000000695000000| PB 0x0000000695000000| Untracked |  0
|  85|0x0000000695400000, 0x0000000695400000, 0x0000000695800000|  0%| F|  |TAMS 0x0000000695400000| PB 0x0000000695400000| Untracked |  0
|  86|0x0000000695800000, 0x0000000695800000, 0x0000000695c00000|  0%| F|  |TAMS 0x0000000695800000| PB 0x0000000695800000| Untracked |  0
|  87|0x0000000695c00000, 0x0000000695c00000, 0x0000000696000000|  0%| F|  |TAMS 0x0000000695c00000| PB 0x0000000695c00000| Untracked |  0
|  88|0x0000000696000000, 0x0000000696000000, 0x0000000696400000|  0%| F|  |TAMS 0x0000000696000000| PB 0x0000000696000000| Untracked |  0
|  89|0x0000000696400000, 0x0000000696400000, 0x0000000696800000|  0%| F|  |TAMS 0x0000000696400000| PB 0x0000000696400000| Untracked |  0
|  90|0x0000000696800000, 0x0000000696800000, 0x0000000696c00000|  0%| F|  |TAMS 0x0000000696800000| PB 0x0000000696800000| Untracked |  0
|  91|0x0000000696c00000, 0x0000000696c00000, 0x0000000697000000|  0%| F|  |TAMS 0x0000000696c00000| PB 0x0000000696c00000| Untracked |  0
|  92|0x0000000697000000, 0x0000000697000000, 0x0000000697400000|  0%| F|  |TAMS 0x0000000697000000| PB 0x0000000697000000| Untracked |  0
|  93|0x0000000697400000, 0x0000000697400000, 0x0000000697800000|  0%| F|  |TAMS 0x0000000697400000| PB 0x0000000697400000| Untracked |  0
|  94|0x0000000697800000, 0x0000000697800000, 0x0000000697c00000|  0%| F|  |TAMS 0x0000000697800000| PB 0x0000000697800000| Untracked |  0
|  95|0x0000000697c00000, 0x0000000697c00000, 0x0000000698000000|  0%| F|  |TAMS 0x0000000697c00000| PB 0x0000000697c00000| Untracked |  0
|  96|0x0000000698000000, 0x0000000698000000, 0x0000000698400000|  0%| F|  |TAMS 0x0000000698000000| PB 0x0000000698000000| Untracked |  0
|  97|0x0000000698400000, 0x0000000698400000, 0x0000000698800000|  0%| F|  |TAMS 0x0000000698400000| PB 0x0000000698400000| Untracked |  0
|  98|0x0000000698800000, 0x0000000698800000, 0x0000000698c00000|  0%| F|  |TAMS 0x0000000698800000| PB 0x0000000698800000| Untracked |  0
|  99|0x0000000698c00000, 0x0000000699000000, 0x0000000699000000|100%| S|CS|TAMS 0x0000000698c00000| PB 0x0000000698c00000| Complete |  0
| 100|0x0000000699000000, 0x0000000699400000, 0x0000000699400000|100%| S|CS|TAMS 0x0000000699000000| PB 0x0000000699000000| Complete |  0
| 101|0x0000000699400000, 0x0000000699800000, 0x0000000699800000|100%| S|CS|TAMS 0x0000000699400000| PB 0x0000000699400000| Complete |  0
| 102|0x0000000699800000, 0x0000000699c00000, 0x0000000699c00000|100%| S|CS|TAMS 0x0000000699800000| PB 0x0000000699800000| Complete |  0
| 103|0x0000000699c00000, 0x000000069a000000, 0x000000069a000000|100%| S|CS|TAMS 0x0000000699c00000| PB 0x0000000699c00000| Complete |  0
| 104|0x000000069a000000, 0x000000069a400000, 0x000000069a400000|100%| S|CS|TAMS 0x000000069a000000| PB 0x000000069a000000| Complete |  0
| 105|0x000000069a400000, 0x000000069a800000, 0x000000069a800000|100%| S|CS|TAMS 0x000000069a400000| PB 0x000000069a400000| Complete |  0
| 106|0x000000069a800000, 0x000000069ac00000, 0x000000069ac00000|100%| S|CS|TAMS 0x000000069a800000| PB 0x000000069a800000| Complete |  0
| 107|0x000000069ac00000, 0x000000069b000000, 0x000000069b000000|100%| S|CS|TAMS 0x000000069ac00000| PB 0x000000069ac00000| Complete |  0
| 108|0x000000069b000000, 0x000000069b400000, 0x000000069b400000|100%| S|CS|TAMS 0x000000069b000000| PB 0x000000069b000000| Complete |  0
| 109|0x000000069b400000, 0x000000069b800000, 0x000000069b800000|100%| S|CS|TAMS 0x000000069b400000| PB 0x000000069b400000| Complete |  0
| 110|0x000000069b800000, 0x000000069bc00000, 0x000000069bc00000|100%| S|CS|TAMS 0x000000069b800000| PB 0x000000069b800000| Complete |  0
| 111|0x000000069bc00000, 0x000000069c000000, 0x000000069c000000|100%| S|CS|TAMS 0x000000069bc00000| PB 0x000000069bc00000| Complete |  0
| 112|0x000000069c000000, 0x000000069c400000, 0x000000069c400000|100%| S|CS|TAMS 0x000000069c000000| PB 0x000000069c000000| Complete |  0
| 113|0x000000069c400000, 0x000000069c400000, 0x000000069c800000|  0%| F|  |TAMS 0x000000069c400000| PB 0x000000069c400000| Untracked |  0
| 114|0x000000069c800000, 0x000000069c800000, 0x000000069cc00000|  0%| F|  |TAMS 0x000000069c800000| PB 0x000000069c800000| Untracked |  0
| 115|0x000000069cc00000, 0x000000069cc00000, 0x000000069d000000|  0%| F|  |TAMS 0x000000069cc00000| PB 0x000000069cc00000| Untracked |  0
| 116|0x000000069d000000, 0x000000069d000000, 0x000000069d400000|  0%| F|  |TAMS 0x000000069d000000| PB 0x000000069d000000| Untracked |  0
| 117|0x000000069d400000, 0x000000069d400000, 0x000000069d800000|  0%| F|  |TAMS 0x000000069d400000| PB 0x000000069d400000| Untracked |  0
| 118|0x000000069d800000, 0x000000069d800000, 0x000000069dc00000|  0%| F|  |TAMS 0x000000069d800000| PB 0x000000069d800000| Untracked |  0
| 119|0x000000069dc00000, 0x000000069dc00000, 0x000000069e000000|  0%| F|  |TAMS 0x000000069dc00000| PB 0x000000069dc00000| Untracked |  0
| 120|0x000000069e000000, 0x000000069e000000, 0x000000069e400000|  0%| F|  |TAMS 0x000000069e000000| PB 0x000000069e000000| Untracked |  0
| 121|0x000000069e400000, 0x000000069e400000, 0x000000069e800000|  0%| F|  |TAMS 0x000000069e400000| PB 0x000000069e400000| Untracked |  0
| 122|0x000000069e800000, 0x000000069e800000, 0x000000069ec00000|  0%| F|  |TAMS 0x000000069e800000| PB 0x000000069e800000| Untracked |  0
| 123|0x000000069ec00000, 0x000000069ec00000, 0x000000069f000000|  0%| F|  |TAMS 0x000000069ec00000| PB 0x000000069ec00000| Untracked |  0
| 124|0x000000069f000000, 0x000000069f000000, 0x000000069f400000|  0%| F|  |TAMS 0x000000069f000000| PB 0x000000069f000000| Untracked |  0
| 125|0x000000069f400000, 0x000000069f400000, 0x000000069f800000|  0%| F|  |TAMS 0x000000069f400000| PB 0x000000069f400000| Untracked |  0
| 126|0x000000069f800000, 0x000000069f800000, 0x000000069fc00000|  0%| F|  |TAMS 0x000000069f800000| PB 0x000000069f800000| Untracked |  0
| 127|0x000000069fc00000, 0x000000069fc00000, 0x00000006a0000000|  0%| F|  |TAMS 0x000000069fc00000| PB 0x000000069fc00000| Untracked |  0
| 128|0x00000006a0000000, 0x00000006a0000000, 0x00000006a0400000|  0%| F|  |TAMS 0x00000006a0000000| PB 0x00000006a0000000| Untracked |  0
| 129|0x00000006a0400000, 0x00000006a0400000, 0x00000006a0800000|  0%| F|  |TAMS 0x00000006a0400000| PB 0x00000006a0400000| Untracked |  0
| 130|0x00000006a0800000, 0x00000006a0800000, 0x00000006a0c00000|  0%| F|  |TAMS 0x00000006a0800000| PB 0x00000006a0800000| Untracked |  0
| 131|0x00000006a0c00000, 0x00000006a0c00000, 0x00000006a1000000|  0%| F|  |TAMS 0x00000006a0c00000| PB 0x00000006a0c00000| Untracked |  0
| 132|0x00000006a1000000, 0x00000006a1000000, 0x00000006a1400000|  0%| F|  |TAMS 0x00000006a1000000| PB 0x00000006a1000000| Untracked |  0
| 133|0x00000006a1400000, 0x00000006a1400000, 0x00000006a1800000|  0%| F|  |TAMS 0x00000006a1400000| PB 0x00000006a1400000| Untracked |  0
| 134|0x00000006a1800000, 0x00000006a1800000, 0x00000006a1c00000|  0%| F|  |TAMS 0x00000006a1800000| PB 0x00000006a1800000| Untracked |  0
| 135|0x00000006a1c00000, 0x00000006a1c00000, 0x00000006a2000000|  0%| F|  |TAMS 0x00000006a1c00000| PB 0x00000006a1c00000| Untracked |  0
| 136|0x00000006a2000000, 0x00000006a2000000, 0x00000006a2400000|  0%| F|  |TAMS 0x00000006a2000000| PB 0x00000006a2000000| Untracked |  0
| 137|0x00000006a2400000, 0x00000006a2400000, 0x00000006a2800000|  0%| F|  |TAMS 0x00000006a2400000| PB 0x00000006a2400000| Untracked |  0
| 138|0x00000006a2800000, 0x00000006a2800000, 0x00000006a2c00000|  0%| F|  |TAMS 0x00000006a2800000| PB 0x00000006a2800000| Untracked |  0
| 139|0x00000006a2c00000, 0x00000006a2c00000, 0x00000006a3000000|  0%| F|  |TAMS 0x00000006a2c00000| PB 0x00000006a2c00000| Untracked |  0
| 140|0x00000006a3000000, 0x00000006a3000000, 0x00000006a3400000|  0%| F|  |TAMS 0x00000006a3000000| PB 0x00000006a3000000| Untracked |  0
| 141|0x00000006a3400000, 0x00000006a3400000, 0x00000006a3800000|  0%| F|  |TAMS 0x00000006a3400000| PB 0x00000006a3400000| Untracked |  0
| 142|0x00000006a3800000, 0x00000006a3800000, 0x00000006a3c00000|  0%| F|  |TAMS 0x00000006a3800000| PB 0x00000006a3800000| Untracked |  0
| 143|0x00000006a3c00000, 0x00000006a3c00000, 0x00000006a4000000|  0%| F|  |TAMS 0x00000006a3c00000| PB 0x00000006a3c00000| Untracked |  0
| 144|0x00000006a4000000, 0x00000006a4000000, 0x00000006a4400000|  0%| F|  |TAMS 0x00000006a4000000| PB 0x00000006a4000000| Untracked |  0
| 145|0x00000006a4400000, 0x00000006a4400000, 0x00000006a4800000|  0%| F|  |TAMS 0x00000006a4400000| PB 0x00000006a4400000| Untracked |  0
| 146|0x00000006a4800000, 0x00000006a4800000, 0x00000006a4c00000|  0%| F|  |TAMS 0x00000006a4800000| PB 0x00000006a4800000| Untracked |  0
| 147|0x00000006a4c00000, 0x00000006a4c00000, 0x00000006a5000000|  0%| F|  |TAMS 0x00000006a4c00000| PB 0x00000006a4c00000| Untracked |  0
| 148|0x00000006a5000000, 0x00000006a5000000, 0x00000006a5400000|  0%| F|  |TAMS 0x00000006a5000000| PB 0x00000006a5000000| Untracked |  0
| 149|0x00000006a5400000, 0x00000006a5400000, 0x00000006a5800000|  0%| F|  |TAMS 0x00000006a5400000| PB 0x00000006a5400000| Untracked |  0
| 150|0x00000006a5800000, 0x00000006a5800000, 0x00000006a5c00000|  0%| F|  |TAMS 0x00000006a5800000| PB 0x00000006a5800000| Untracked |  0
| 151|0x00000006a5c00000, 0x00000006a5c00000, 0x00000006a6000000|  0%| F|  |TAMS 0x00000006a5c00000| PB 0x00000006a5c00000| Untracked |  0
| 152|0x00000006a6000000, 0x00000006a6000000, 0x00000006a6400000|  0%| F|  |TAMS 0x00000006a6000000| PB 0x00000006a6000000| Untracked |  0
| 153|0x00000006a6400000, 0x00000006a6400000, 0x00000006a6800000|  0%| F|  |TAMS 0x00000006a6400000| PB 0x00000006a6400000| Untracked |  0
| 154|0x00000006a6800000, 0x00000006a6800000, 0x00000006a6c00000|  0%| F|  |TAMS 0x00000006a6800000| PB 0x00000006a6800000| Untracked |  0
| 155|0x00000006a6c00000, 0x00000006a6c00000, 0x00000006a7000000|  0%| F|  |TAMS 0x00000006a6c00000| PB 0x00000006a6c00000| Untracked |  0
| 156|0x00000006a7000000, 0x00000006a7000000, 0x00000006a7400000|  0%| F|  |TAMS 0x00000006a7000000| PB 0x00000006a7000000| Untracked |  0
| 157|0x00000006a7400000, 0x00000006a7400000, 0x00000006a7800000|  0%| F|  |TAMS 0x00000006a7400000| PB 0x00000006a7400000| Untracked |  0
| 158|0x00000006a7800000, 0x00000006a7800000, 0x00000006a7c00000|  0%| F|  |TAMS 0x00000006a7800000| PB 0x00000006a7800000| Untracked |  0
| 159|0x00000006a7c00000, 0x00000006a7c00000, 0x00000006a8000000|  0%| F|  |TAMS 0x00000006a7c00000| PB 0x00000006a7c00000| Untracked |  0
| 160|0x00000006a8000000, 0x00000006a8000000, 0x00000006a8400000|  0%| F|  |TAMS 0x00000006a8000000| PB 0x00000006a8000000| Untracked |  0
| 161|0x00000006a8400000, 0x00000006a8800000, 0x00000006a8800000|100%| E|  |TAMS 0x00000006a8400000| PB 0x00000006a8400000| Complete |  0
| 162|0x00000006a8800000, 0x00000006a8c00000, 0x00000006a8c00000|100%| E|CS|TAMS 0x00000006a8800000| PB 0x00000006a8800000| Complete |  0
| 163|0x00000006a8c00000, 0x00000006a9000000, 0x00000006a9000000|100%| E|CS|TAMS 0x00000006a8c00000| PB 0x00000006a8c00000| Complete |  0
| 164|0x00000006a9000000, 0x00000006a9400000, 0x00000006a9400000|100%| E|CS|TAMS 0x00000006a9000000| PB 0x00000006a9000000| Complete |  0
| 165|0x00000006a9400000, 0x00000006a9800000, 0x00000006a9800000|100%| E|CS|TAMS 0x00000006a9400000| PB 0x00000006a9400000| Complete |  0
| 166|0x00000006a9800000, 0x00000006a9c00000, 0x00000006a9c00000|100%| E|CS|TAMS 0x00000006a9800000| PB 0x00000006a9800000| Complete |  0
| 167|0x00000006a9c00000, 0x00000006aa000000, 0x00000006aa000000|100%| E|CS|TAMS 0x00000006a9c00000| PB 0x00000006a9c00000| Complete |  0
| 168|0x00000006aa000000, 0x00000006aa400000, 0x00000006aa400000|100%| E|CS|TAMS 0x00000006aa000000| PB 0x00000006aa000000| Complete |  0
| 169|0x00000006aa400000, 0x00000006aa800000, 0x00000006aa800000|100%| E|CS|TAMS 0x00000006aa400000| PB 0x00000006aa400000| Complete |  0
| 170|0x00000006aa800000, 0x00000006aac00000, 0x00000006aac00000|100%| E|CS|TAMS 0x00000006aa800000| PB 0x00000006aa800000| Complete |  0
| 171|0x00000006aac00000, 0x00000006ab000000, 0x00000006ab000000|100%| E|CS|TAMS 0x00000006aac00000| PB 0x00000006aac00000| Complete |  0
| 172|0x00000006ab000000, 0x00000006ab400000, 0x00000006ab400000|100%| E|CS|TAMS 0x00000006ab000000| PB 0x00000006ab000000| Complete |  0
| 173|0x00000006ab400000, 0x00000006ab800000, 0x00000006ab800000|100%| E|CS|TAMS 0x00000006ab400000| PB 0x00000006ab400000| Complete |  0
| 174|0x00000006ab800000, 0x00000006abc00000, 0x00000006abc00000|100%| E|CS|TAMS 0x00000006ab800000| PB 0x00000006ab800000| Complete |  0
| 175|0x00000006abc00000, 0x00000006ac000000, 0x00000006ac000000|100%| E|CS|TAMS 0x00000006abc00000| PB 0x00000006abc00000| Complete |  0
| 176|0x00000006ac000000, 0x00000006ac400000, 0x00000006ac400000|100%| E|CS|TAMS 0x00000006ac000000| PB 0x00000006ac000000| Complete |  0
| 177|0x00000006ac400000, 0x00000006ac800000, 0x00000006ac800000|100%| E|CS|TAMS 0x00000006ac400000| PB 0x00000006ac400000| Complete |  0
| 178|0x00000006ac800000, 0x00000006acc00000, 0x00000006acc00000|100%| E|CS|TAMS 0x00000006ac800000| PB 0x00000006ac800000| Complete |  0
| 179|0x00000006acc00000, 0x00000006ad000000, 0x00000006ad000000|100%| E|CS|TAMS 0x00000006acc00000| PB 0x00000006acc00000| Complete |  0
| 180|0x00000006ad000000, 0x00000006ad400000, 0x00000006ad400000|100%| E|CS|TAMS 0x00000006ad000000| PB 0x00000006ad000000| Complete |  0
| 181|0x00000006ad400000, 0x00000006ad800000, 0x00000006ad800000|100%| E|CS|TAMS 0x00000006ad400000| PB 0x00000006ad400000| Complete |  0
| 182|0x00000006ad800000, 0x00000006adc00000, 0x00000006adc00000|100%| E|CS|TAMS 0x00000006ad800000| PB 0x00000006ad800000| Complete |  0
| 183|0x00000006adc00000, 0x00000006ae000000, 0x00000006ae000000|100%| E|CS|TAMS 0x00000006adc00000| PB 0x00000006adc00000| Complete |  0
| 184|0x00000006ae000000, 0x00000006ae400000, 0x00000006ae400000|100%| E|CS|TAMS 0x00000006ae000000| PB 0x00000006ae000000| Complete |  0
| 185|0x00000006ae400000, 0x00000006ae800000, 0x00000006ae800000|100%| E|CS|TAMS 0x00000006ae400000| PB 0x00000006ae400000| Complete |  0
| 186|0x00000006ae800000, 0x00000006aec00000, 0x00000006aec00000|100%| E|CS|TAMS 0x00000006ae800000| PB 0x00000006ae800000| Complete |  0
| 187|0x00000006aec00000, 0x00000006af000000, 0x00000006af000000|100%| E|CS|TAMS 0x00000006aec00000| PB 0x00000006aec00000| Complete |  0
| 188|0x00000006af000000, 0x00000006af400000, 0x00000006af400000|100%| E|CS|TAMS 0x00000006af000000| PB 0x00000006af000000| Complete |  0
| 189|0x00000006af400000, 0x00000006af800000, 0x00000006af800000|100%| E|CS|TAMS 0x00000006af400000| PB 0x00000006af400000| Complete |  0
| 190|0x00000006af800000, 0x00000006afc00000, 0x00000006afc00000|100%| E|CS|TAMS 0x00000006af800000| PB 0x00000006af800000| Complete |  0
| 191|0x00000006afc00000, 0x00000006b0000000, 0x00000006b0000000|100%| E|CS|TAMS 0x00000006afc00000| PB 0x00000006afc00000| Complete |  0
| 192|0x00000006b0000000, 0x00000006b0400000, 0x00000006b0400000|100%| E|CS|TAMS 0x00000006b0000000| PB 0x00000006b0000000| Complete |  0
| 193|0x00000006b0400000, 0x00000006b0800000, 0x00000006b0800000|100%| E|CS|TAMS 0x00000006b0400000| PB 0x00000006b0400000| Complete |  0
| 194|0x00000006b0800000, 0x00000006b0c00000, 0x00000006b0c00000|100%| E|CS|TAMS 0x00000006b0800000| PB 0x00000006b0800000| Complete |  0
| 195|0x00000006b0c00000, 0x00000006b1000000, 0x00000006b1000000|100%| E|CS|TAMS 0x00000006b0c00000| PB 0x00000006b0c00000| Complete |  0
| 196|0x00000006b1000000, 0x00000006b1400000, 0x00000006b1400000|100%| E|CS|TAMS 0x00000006b1000000| PB 0x00000006b1000000| Complete |  0
| 197|0x00000006b1400000, 0x00000006b1800000, 0x00000006b1800000|100%| E|CS|TAMS 0x00000006b1400000| PB 0x00000006b1400000| Complete |  0
| 198|0x00000006b1800000, 0x00000006b1c00000, 0x00000006b1c00000|100%| E|CS|TAMS 0x00000006b1800000| PB 0x00000006b1800000| Complete |  0
| 199|0x00000006b1c00000, 0x00000006b2000000, 0x00000006b2000000|100%| E|CS|TAMS 0x00000006b1c00000| PB 0x00000006b1c00000| Complete |  0
| 200|0x00000006b2000000, 0x00000006b2400000, 0x00000006b2400000|100%| E|CS|TAMS 0x00000006b2000000| PB 0x00000006b2000000| Complete |  0
| 201|0x00000006b2400000, 0x00000006b2800000, 0x00000006b2800000|100%| E|CS|TAMS 0x00000006b2400000| PB 0x00000006b2400000| Complete |  0
| 202|0x00000006b2800000, 0x00000006b2c00000, 0x00000006b2c00000|100%| E|CS|TAMS 0x00000006b2800000| PB 0x00000006b2800000| Complete |  0
| 203|0x00000006b2c00000, 0x00000006b3000000, 0x00000006b3000000|100%| E|CS|TAMS 0x00000006b2c00000| PB 0x00000006b2c00000| Complete |  0
| 204|0x00000006b3000000, 0x00000006b3400000, 0x00000006b3400000|100%| E|CS|TAMS 0x00000006b3000000| PB 0x00000006b3000000| Complete |  1
| 205|0x00000006b3400000, 0x00000006b3800000, 0x00000006b3800000|100%| E|CS|TAMS 0x00000006b3400000| PB 0x00000006b3400000| Complete |  0
| 206|0x00000006b3800000, 0x00000006b3c00000, 0x00000006b3c00000|100%| E|CS|TAMS 0x00000006b3800000| PB 0x00000006b3800000| Complete |  0
| 207|0x00000006b3c00000, 0x00000006b4000000, 0x00000006b4000000|100%| E|CS|TAMS 0x00000006b3c00000| PB 0x00000006b3c00000| Complete |  0
| 208|0x00000006b4000000, 0x00000006b4400000, 0x00000006b4400000|100%| E|CS|TAMS 0x00000006b4000000| PB 0x00000006b4000000| Complete |  0
| 209|0x00000006b4400000, 0x00000006b4800000, 0x00000006b4800000|100%| E|CS|TAMS 0x00000006b4400000| PB 0x00000006b4400000| Complete |  0
| 210|0x00000006b4800000, 0x00000006b4c00000, 0x00000006b4c00000|100%| E|CS|TAMS 0x00000006b4800000| PB 0x00000006b4800000| Complete |  0
| 211|0x00000006b4c00000, 0x00000006b5000000, 0x00000006b5000000|100%| E|CS|TAMS 0x00000006b4c00000| PB 0x00000006b4c00000| Complete |  0
| 212|0x00000006b5000000, 0x00000006b5400000, 0x00000006b5400000|100%| E|CS|TAMS 0x00000006b5000000| PB 0x00000006b5000000| Complete |  0
| 213|0x00000006b5400000, 0x00000006b5800000, 0x00000006b5800000|100%| E|CS|TAMS 0x00000006b5400000| PB 0x00000006b5400000| Complete |  0
| 214|0x00000006b5800000, 0x00000006b5c00000, 0x00000006b5c00000|100%| E|CS|TAMS 0x00000006b5800000| PB 0x00000006b5800000| Complete |  0
| 215|0x00000006b5c00000, 0x00000006b6000000, 0x00000006b6000000|100%| E|CS|TAMS 0x00000006b5c00000| PB 0x00000006b5c00000| Complete |  0
| 216|0x00000006b6000000, 0x00000006b6400000, 0x00000006b6400000|100%| E|CS|TAMS 0x00000006b6000000| PB 0x00000006b6000000| Complete |  0
| 217|0x00000006b6400000, 0x00000006b6800000, 0x00000006b6800000|100%| E|CS|TAMS 0x00000006b6400000| PB 0x00000006b6400000| Complete |  0
| 218|0x00000006b6800000, 0x00000006b6c00000, 0x00000006b6c00000|100%| E|CS|TAMS 0x00000006b6800000| PB 0x00000006b6800000| Complete |  0
| 219|0x00000006b6c00000, 0x00000006b7000000, 0x00000006b7000000|100%| E|CS|TAMS 0x00000006b6c00000| PB 0x00000006b6c00000| Complete |  0
| 220|0x00000006b7000000, 0x00000006b7400000, 0x00000006b7400000|100%| E|CS|TAMS 0x00000006b7000000| PB 0x00000006b7000000| Complete |  0
| 221|0x00000006b7400000, 0x00000006b7800000, 0x00000006b7800000|100%| E|CS|TAMS 0x00000006b7400000| PB 0x00000006b7400000| Complete |  0
| 222|0x00000006b7800000, 0x00000006b7c00000, 0x00000006b7c00000|100%| E|CS|TAMS 0x00000006b7800000| PB 0x00000006b7800000| Complete |  0
| 223|0x00000006b7c00000, 0x00000006b8000000, 0x00000006b8000000|100%| E|CS|TAMS 0x00000006b7c00000| PB 0x00000006b7c00000| Complete |  0
| 224|0x00000006b8000000, 0x00000006b8400000, 0x00000006b8400000|100%| E|CS|TAMS 0x00000006b8000000| PB 0x00000006b8000000| Complete |  0
| 225|0x00000006b8400000, 0x00000006b8800000, 0x00000006b8800000|100%| E|CS|TAMS 0x00000006b8400000| PB 0x00000006b8400000| Complete |  0
| 226|0x00000006b8800000, 0x00000006b8c00000, 0x00000006b8c00000|100%| E|CS|TAMS 0x00000006b8800000| PB 0x00000006b8800000| Complete |  0
| 227|0x00000006b8c00000, 0x00000006b9000000, 0x00000006b9000000|100%| E|CS|TAMS 0x00000006b8c00000| PB 0x00000006b8c00000| Complete |  0
| 228|0x00000006b9000000, 0x00000006b9400000, 0x00000006b9400000|100%| E|CS|TAMS 0x00000006b9000000| PB 0x00000006b9000000| Complete |  0
| 229|0x00000006b9400000, 0x00000006b9800000, 0x00000006b9800000|100%| E|CS|TAMS 0x00000006b9400000| PB 0x00000006b9400000| Complete |  0
| 230|0x00000006b9800000, 0x00000006b9c00000, 0x00000006b9c00000|100%| E|CS|TAMS 0x00000006b9800000| PB 0x00000006b9800000| Complete |  0
| 231|0x00000006b9c00000, 0x00000006ba000000, 0x00000006ba000000|100%| E|CS|TAMS 0x00000006b9c00000| PB 0x00000006b9c00000| Complete |  0
| 245|0x00000006bd400000, 0x00000006bd800000, 0x00000006bd800000|100%| E|CS|TAMS 0x00000006bd400000| PB 0x00000006bd400000| Complete |  0
| 246|0x00000006bd800000, 0x00000006bdc00000, 0x00000006bdc00000|100%| E|CS|TAMS 0x00000006bd800000| PB 0x00000006bd800000| Complete |  0
| 247|0x00000006bdc00000, 0x00000006be000000, 0x00000006be000000|100%| E|CS|TAMS 0x00000006bdc00000| PB 0x00000006bdc00000| Complete |  0
| 248|0x00000006be000000, 0x00000006be400000, 0x00000006be400000|100%| E|CS|TAMS 0x00000006be000000| PB 0x00000006be000000| Complete |  0
| 249|0x00000006be400000, 0x00000006be800000, 0x00000006be800000|100%| E|CS|TAMS 0x00000006be400000| PB 0x00000006be400000| Complete |  0
| 250|0x00000006be800000, 0x00000006bec00000, 0x00000006bec00000|100%| E|CS|TAMS 0x00000006be800000| PB 0x00000006be800000| Complete |  0
| 251|0x00000006bec00000, 0x00000006bf000000, 0x00000006bf000000|100%| E|CS|TAMS 0x00000006bec00000| PB 0x00000006bec00000| Complete |  0
| 252|0x00000006bf000000, 0x00000006bf400000, 0x00000006bf400000|100%| E|CS|TAMS 0x00000006bf000000| PB 0x00000006bf000000| Complete |  0
| 253|0x00000006bf400000, 0x00000006bf800000, 0x00000006bf800000|100%| E|CS|TAMS 0x00000006bf400000| PB 0x00000006bf400000| Complete |  0
| 254|0x00000006bf800000, 0x00000006bfc00000, 0x00000006bfc00000|100%| E|CS|TAMS 0x00000006bf800000| PB 0x00000006bf800000| Complete |  0
| 255|0x00000006bfc00000, 0x00000006c0000000, 0x00000006c0000000|100%| E|CS|TAMS 0x00000006bfc00000| PB 0x00000006bfc00000| Complete |  0
|1516|0x00000007fb000000, 0x00000007fb400000, 0x00000007fb400000|100%| O|  |TAMS 0x00000007fb000000| PB 0x00000007fb000000| Untracked |  0
|1517|0x00000007fb400000, 0x00000007fb800000, 0x00000007fb800000|100%| O|  |TAMS 0x00000007fb400000| PB 0x00000007fb400000| Untracked |  0
|1518|0x00000007fb800000, 0x00000007fbc00000, 0x00000007fbc00000|100%| O|  |TAMS 0x00000007fb800000| PB 0x00000007fb800000| Untracked |  0
|1519|0x00000007fbc00000, 0x00000007fc000000, 0x00000007fc000000|100%| O|  |TAMS 0x00000007fbc00000| PB 0x00000007fbc00000| Untracked |  0
|1520|0x00000007fc000000, 0x00000007fc400000, 0x00000007fc400000|100%| O|  |TAMS 0x00000007fc000000| PB 0x00000007fc000000| Untracked |  0
|1521|0x00000007fc400000, 0x00000007fc800000, 0x00000007fc800000|100%| O|  |TAMS 0x00000007fc400000| PB 0x00000007fc400000| Untracked |  0
|1522|0x00000007fc800000, 0x00000007fcc00000, 0x00000007fcc00000|100%| E|CS|TAMS 0x00000007fc800000| PB 0x00000007fc800000| Complete |  0
|1523|0x00000007fcc00000, 0x00000007fd000000, 0x00000007fd000000|100%| E|CS|TAMS 0x00000007fcc00000| PB 0x00000007fcc00000| Complete |  0
|1524|0x00000007fd000000, 0x00000007fd400000, 0x00000007fd400000|100%| E|CS|TAMS 0x00000007fd000000| PB 0x00000007fd000000| Complete |  0
|1525|0x00000007fd400000, 0x00000007fd800000, 0x00000007fd800000|100%| E|CS|TAMS 0x00000007fd400000| PB 0x00000007fd400000| Complete |  0
|1526|0x00000007fd800000, 0x00000007fdc00000, 0x00000007fdc00000|100%| E|CS|TAMS 0x00000007fd800000| PB 0x00000007fd800000| Complete |  0
|1527|0x00000007fdc00000, 0x00000007fe000000, 0x00000007fe000000|100%| E|CS|TAMS 0x00000007fdc00000| PB 0x00000007fdc00000| Complete |  0
|1528|0x00000007fe000000, 0x00000007fe400000, 0x00000007fe400000|100%| E|CS|TAMS 0x00000007fe000000| PB 0x00000007fe000000| Complete |  0
|1529|0x00000007fe400000, 0x00000007fe800000, 0x00000007fe800000|100%| E|CS|TAMS 0x00000007fe400000| PB 0x00000007fe400000| Complete |  0
|1530|0x00000007fe800000, 0x00000007fec00000, 0x00000007fec00000|100%| E|CS|TAMS 0x00000007fe800000| PB 0x00000007fe800000| Complete |  0
|1531|0x00000007fec00000, 0x00000007ff000000, 0x00000007ff000000|100%| E|CS|TAMS 0x00000007fec00000| PB 0x00000007fec00000| Complete |  0
|1532|0x00000007ff000000, 0x00000007ff400000, 0x00000007ff400000|100%| O|  |TAMS 0x00000007ff000000| PB 0x00000007ff000000| Untracked |  0
|1533|0x00000007ff400000, 0x00000007ff800000, 0x00000007ff800000|100%| O|  |TAMS 0x00000007ff400000| PB 0x00000007ff400000| Untracked |  0
|1534|0x00000007ff800000, 0x00000007ffc00000, 0x00000007ffc00000|100%| O|  |TAMS 0x00000007ff800000| PB 0x00000007ff800000| Untracked |  0
|1535|0x00000007ffc00000, 0x0000000800000000, 0x0000000800000000|100%| E|CS|TAMS 0x00000007ffc00000| PB 0x00000007ffc00000| Complete |  0

Card table byte_map: [0x000079dfeac00000,0x000079dfeb800000] _byte_map_base: 0x000079dfe7800000

Marking Bits: (CMBitMap*) 0x000079e0040b8dc0
 Bits: [0x000079dfe4c00000, 0x000079dfeac00000)

Polling page: 0x000079e00a7ba000

Metaspace:
Metaspace        used 173887K, committed 175424K, reserved 1245184K
 class space     used 29904K, committed 30528K, reserved 1048576K

Usage:
  Non-class:    140.61 MB used.
      Class:     29.20 MB used.
       Both:    169.81 MB used.

Virtual space:
  Non-class space:      192.00 MB reserved,     141.50 MB ( 74%) committed,  3 nodes.
      Class space:        1.00 GB reserved,      29.81 MB (  3%) committed,  1 nodes.
             Both:        1.19 GB reserved,     171.31 MB ( 14%) committed. 

Chunk freelists:
   Non-Class:  1.84 MB
       Class:  2.06 MB
        Both:  3.90 MB

MaxMetaspaceSize: unlimited
CompressedClassSpaceSize: 1.00 GB
Initial GC threshold: 21.00 MB
Current GC threshold: 282.31 MB
CDS: on
 - commit_granule_bytes: 65536.
 - commit_granule_words: 8192.
 - virtual_space_node_default_size: 8388608.
 - enlarge_chunks_in_place: 1.
UseCompressedClassPointers 1, UseCompactObjectHeaders 0
Narrow klass pointer bits 32, Max shift 3
Narrow klass base: 0x000000005c000000, Narrow klass shift: 0
Encoding Range: [0x000000005c000000 - 0x000000015c000000), (4294967296 bytes)
Klass Range:    [0x000000005c001000 - 0x000000009d000000), (1090514944 bytes)
Klass ID Range:  [4096 - 1090519033) (1090514937)
Protection zone: [0x000000005c000000 - 0x000000005c001000), (4096 bytes)


Internal statistics:

num_allocs_failed_limit: 90.
num_arena_births: 2020.
num_arena_deaths: 0.
num_vsnodes_births: 4.
num_vsnodes_deaths: 0.
num_space_committed: 2736.
num_space_uncommitted: 0.
num_chunks_returned_to_freelist: 90.
num_chunks_taken_from_freelist: 8326.
num_chunk_merges: 75.
num_chunk_splits: 6124.
num_chunks_enlarged: 4918.
num_inconsistent_stats: 0.

CodeHeap 'non-profiled nmethods': size=120036Kb used=6382Kb max_used=6534Kb free=113653Kb
 bounds [0x000079dff3f94000, 0x000079dff4604000, 0x000079dffb4cd000]
CodeHeap 'profiled nmethods': size=120036Kb used=19284Kb max_used=20341Kb free=100751Kb
 bounds [0x000079dfec4cc000, 0x000079dfed8ac000, 0x000079dff3a05000]
CodeHeap 'non-nmethods': size=5692Kb used=2839Kb max_used=2899Kb free=2852Kb
 bounds [0x000079dff3a05000, 0x000079dff3d05000, 0x000079dff3f94000]
CodeCache: size=245764Kb, used=28505Kb, max_used=29774Kb, free=217256Kb
 total_blobs=16751, nmethods=15341, adapters=1314, full_count=0
Compilation: enabled, stopped_count=0, restarted_count=0

Compilation events (20 events):
Event: 24.337 Thread 0x000079e004121340 19130       2       org.bukkit.craftbukkit.inventory.CraftItemFactory::asMetaFor (56 bytes)
Event: 24.340 Thread 0x000079e004121340 nmethod 19130 0x000079dfec96ff08 code [0x000079dfec970000, 0x000079dfec970718]
Event: 24.340 Thread 0x000079e004121340 19131       2       org.bukkit.craftbukkit.inventory.CraftItemStack$2::<init> (10 bytes)
Event: 24.346 Thread 0x000079e004121340 nmethod 19131 0x000079dfed16d388 code [0x000079dfed16d480, 0x000079dfed16d860]
Event: 24.346 Thread 0x000079e004121340 19132       2       org.bukkit.craftbukkit.inventory.CraftMetaItem$Applicator::<init> (12 bytes)
Event: 24.346 Thread 0x000079e004121340 nmethod 19132 0x000079dfed1dd088 code [0x000079dfed1dd180, 0x000079dfed1dd500]
Event: 24.346 Thread 0x000079e004121340 19133       2       org.bukkit.craftbukkit.inventory.CraftMetaPotion::applyToItem (178 bytes)
Event: 24.347 Thread 0x000079e004121340 nmethod 19133 0x000079dfed333608 code [0x000079dfed333700, 0x000079dfed334598]
Event: 24.347 Thread 0x000079e004121340 19134       2       org.bukkit.craftbukkit.inventory.CraftMetaItem::applyToItem (799 bytes)
Event: 24.380 Thread 0x000079e004121340 nmethod 19134 0x000079dfed1e8a08 code [0x000079dfed1e8b00, 0x000079dfed1ecbc8]
Event: 24.380 Thread 0x000079e004121340 19135       2       org.bukkit.craftbukkit.inventory.CraftMetaItem::applyEnchantments (121 bytes)
Event: 24.381 Thread 0x000079e004121340 nmethod 19135 0x000079dfec9be008 code [0x000079dfec9be100, 0x000079dfec9be868]
Event: 24.388 Thread 0x000079e004121340 19136       3       ch.njol.skript.aliases.AliasesMap::exactMatch (110 bytes)
Event: 24.389 Thread 0x000079e004121340 nmethod 19136 0x000079dfed0d5c88 code [0x000079dfed0d5d80, 0x000079dfed0d6eb0]
Event: 24.406 Thread 0x000079e004121340 19137       1       java.util.concurrent.ThreadPoolExecutor::getQueue (5 bytes)
Event: 24.406 Thread 0x000079e004121340 nmethod 19137 0x000079dff43c7608 code [0x000079dff43c7700, 0x000079dff43c77c0]
Event: 24.409 Thread 0x000079e00411f950 

Event: 24.409 Thread 0x000079e00411f950 

Event: 24.409 Thread 0x000079e00411f950 

Event: 24.409 Thread 0x000079e00411f950 19103   !   4       org.bukkit.craftbukkit.inventory.CraftMetaItem::getTopLevelHandledDcts (673 bytes)

GC Heap Usage History (20 events):
Event: 6.339 {heap Before GC invocations=20 (full 0):
 garbage-first heap   total reserved 6291456K, committed 450560K, used 348160K [0x0000000680000000, 0x0000000800000000)
  region size 4096K, 36 young (147456K), 5 survivors (20480K)
}
Event: 6.375 {heap After GC invocations=21 (full 0):
 garbage-first heap   total reserved 6291456K, committed 450560K, used 249856K [0x0000000680000000, 0x0000000800000000)
  region size 4096K, 5 young (20480K), 5 survivors (20480K)
}
Event: 7.177 {heap Before GC invocations=21 (full 0):
 garbage-first heap   total reserved 6291456K, committed 450560K, used 368640K [0x0000000680000000, 0x0000000800000000)
  region size 4096K, 34 young (139264K), 5 survivors (20480K)
}
Event: 7.210 {heap After GC invocations=22 (full 0):
 garbage-first heap   total reserved 6291456K, committed 1159168K, used 225160K [0x0000000680000000, 0x0000000800000000)
  region size 4096K, 3 young (12288K), 3 survivors (12288K)
}
Event: 9.523 {heap Before GC invocations=22 (full 0):
 garbage-first heap   total reserved 6291456K, committed 1159168K, used 798600K [0x0000000680000000, 0x0000000800000000)
  region size 4096K, 143 young (585728K), 3 survivors (12288K)
}
Event: 9.565 {heap After GC invocations=23 (full 0):
 garbage-first heap   total reserved 6291456K, committed 1159168K, used 245285K [0x0000000680000000, 0x0000000800000000)
  region size 4096K, 11 young (45056K), 11 survivors (45056K)
}
Event: 10.098 {heap Before GC invocations=23 (full 0):
 garbage-first heap   total reserved 6291456K, committed 1159168K, used 339493K [0x0000000680000000, 0x0000000800000000)
  region size 4096K, 35 young (143360K), 11 survivors (45056K)
}
Event: 10.129 {heap After GC invocations=24 (full 0):
 garbage-first heap   total reserved 6291456K, committed 1159168K, used 245608K [0x0000000680000000, 0x0000000800000000)
  region size 4096K, 11 young (45056K), 11 survivors (45056K)
}
Event: 12.089 {heap Before GC invocations=25 (full 0):
 garbage-first heap   total reserved 6291456K, committed 835584K, used 700264K [0x0000000680000000, 0x0000000800000000)
  region size 4096K, 122 young (499712K), 11 survivors (45056K)
}
Event: 12.147 {heap After GC invocations=26 (full 0):
 garbage-first heap   total reserved 6291456K, committed 835584K, used 263093K [0x0000000680000000, 0x0000000800000000)
  region size 4096K, 12 young (49152K), 12 survivors (49152K)
}
Event: 13.501 {heap Before GC invocations=26 (full 0):
 garbage-first heap   total reserved 6291456K, committed 835584K, used 713653K [0x0000000680000000, 0x0000000800000000)
  region size 4096K, 122 young (499712K), 12 survivors (49152K)
}
Event: 13.546 {heap After GC invocations=27 (full 0):
 garbage-first heap   total reserved 6291456K, committed 835584K, used 263042K [0x0000000680000000, 0x0000000800000000)
  region size 4096K, 7 young (28672K), 7 survivors (28672K)
}
Event: 15.093 {heap Before GC invocations=27 (full 0):
 garbage-first heap   total reserved 6291456K, committed 835584K, used 734082K [0x0000000680000000, 0x0000000800000000)
  region size 4096K, 122 young (499712K), 7 survivors (28672K)
}
Event: 15.157 {heap After GC invocations=28 (full 0):
 garbage-first heap   total reserved 6291456K, committed 835584K, used 287618K [0x0000000680000000, 0x0000000800000000)
  region size 4096K, 13 young (53248K), 13 survivors (53248K)
}
Event: 16.972 {heap Before GC invocations=29 (full 0):
 garbage-first heap   total reserved 6291456K, committed 835584K, used 734082K [0x0000000680000000, 0x0000000800000000)
  region size 4096K, 122 young (499712K), 13 survivors (53248K)
}
Event: 17.034 {heap After GC invocations=30 (full 0):
 garbage-first heap   total reserved 6291456K, committed 835584K, used 296187K [0x0000000680000000, 0x0000000800000000)
  region size 4096K, 10 young (40960K), 10 survivors (40960K)
}
Event: 19.974 {heap Before GC invocations=30 (full 0):
 garbage-first heap   total reserved 6291456K, committed 835584K, used 750843K [0x0000000680000000, 0x0000000800000000)
  region size 4096K, 122 young (499712K), 10 survivors (40960K)
}
Event: 20.030 {heap After GC invocations=31 (full 0):
 garbage-first heap   total reserved 6291456K, committed 1077248K, used 345135K [0x0000000680000000, 0x0000000800000000)
  region size 4096K, 16 young (65536K), 16 survivors (65536K)
}
Event: 22.382 {heap Before GC invocations=31 (full 0):
 garbage-first heap   total reserved 6291456K, committed 1077248K, used 922671K [0x0000000680000000, 0x0000000800000000)
  region size 4096K, 157 young (643072K), 16 survivors (65536K)
}
Event: 22.425 {heap After GC invocations=32 (full 0):
 garbage-first heap   total reserved 6291456K, committed 1077248K, used 362178K [0x0000000680000000, 0x0000000800000000)
  region size 4096K, 14 young (57344K), 14 survivors (57344K)
}

Metaspace Usage History (20 events):
Event: 6.339 {metaspace Before GC invocations=20 (full 0):
 Metaspace       used 54354K, committed 54912K, reserved 1114112K
  class space    used 7873K, committed 8128K, reserved 1048576K
}
Event: 6.375 {metaspace After GC invocations=21 (full 0):
 Metaspace       used 54354K, committed 54912K, reserved 1114112K
  class space    used 7873K, committed 8128K, reserved 1048576K
}
Event: 7.177 {metaspace Before GC invocations=21 (full 0):
 Metaspace       used 64093K, committed 64704K, reserved 1114112K
  class space    used 9920K, committed 10176K, reserved 1048576K
}
Event: 7.210 {metaspace After GC invocations=22 (full 0):
 Metaspace       used 64093K, committed 64704K, reserved 1114112K
  class space    used 9920K, committed 10176K, reserved 1048576K
}
Event: 9.523 {metaspace Before GC invocations=22 (full 0):
 Metaspace       used 80477K, committed 81152K, reserved 1179648K
  class space    used 12609K, committed 12864K, reserved 1048576K
}
Event: 9.565 {metaspace After GC invocations=23 (full 0):
 Metaspace       used 80477K, committed 81152K, reserved 1179648K
  class space    used 12609K, committed 12864K, reserved 1048576K
}
Event: 10.098 {metaspace Before GC invocations=23 (full 0):
 Metaspace       used 90844K, committed 91520K, reserved 1179648K
  class space    used 12956K, committed 13248K, reserved 1048576K
}
Event: 10.129 {metaspace After GC invocations=24 (full 0):
 Metaspace       used 90844K, committed 91520K, reserved 1179648K
  class space    used 12956K, committed 13248K, reserved 1048576K
}
Event: 12.089 {metaspace Before GC invocations=25 (full 0):
 Metaspace       used 105883K, committed 106624K, reserved 1179648K
  class space    used 14852K, committed 15168K, reserved 1048576K
}
Event: 12.147 {metaspace After GC invocations=26 (full 0):
 Metaspace       used 105883K, committed 106624K, reserved 1179648K
  class space    used 14852K, committed 15168K, reserved 1048576K
}
Event: 13.501 {metaspace Before GC invocations=26 (full 0):
 Metaspace       used 114769K, committed 115648K, reserved 1179648K
  class space    used 16328K, committed 16704K, reserved 1048576K
}
Event: 13.546 {metaspace After GC invocations=27 (full 0):
 Metaspace       used 114769K, committed 115648K, reserved 1179648K
  class space    used 16328K, committed 16704K, reserved 1048576K
}
Event: 15.093 {metaspace Before GC invocations=27 (full 0):
 Metaspace       used 123480K, committed 124352K, reserved 1179648K
  class space    used 18046K, committed 18432K, reserved 1048576K
}
Event: 15.157 {metaspace After GC invocations=28 (full 0):
 Metaspace       used 123480K, committed 124352K, reserved 1179648K
  class space    used 18046K, committed 18432K, reserved 1048576K
}
Event: 16.972 {metaspace Before GC invocations=29 (full 0):
 Metaspace       used 134795K, committed 136128K, reserved 1179648K
  class space    used 19936K, committed 20480K, reserved 1048576K
}
Event: 17.034 {metaspace After GC invocations=30 (full 0):
 Metaspace       used 134795K, committed 136128K, reserved 1179648K
  class space    used 19936K, committed 20480K, reserved 1048576K
}
Event: 19.974 {metaspace Before GC invocations=30 (full 0):
 Metaspace       used 155238K, committed 156672K, reserved 1179648K
  class space    used 26380K, committed 26944K, reserved 1048576K
}
Event: 20.030 {metaspace After GC invocations=31 (full 0):
 Metaspace       used 155238K, committed 156672K, reserved 1179648K
  class space    used 26380K, committed 26944K, reserved 1048576K
}
Event: 22.382 {metaspace Before GC invocations=31 (full 0):
 Metaspace       used 168493K, committed 169984K, reserved 1245184K
  class space    used 29092K, committed 29696K, reserved 1048576K
}
Event: 22.425 {metaspace After GC invocations=32 (full 0):
 Metaspace       used 168493K, committed 169984K, reserved 1245184K
  class space    used 29092K, committed 29696K, reserved 1048576K
}

Dll operation events (18 events):
Event: 0.001 Loaded shared library /opt/java/openjdk/lib/libjava.so
Event: 0.018 Loaded shared library /opt/java/openjdk/lib/libsimdsort.so
Event: 0.021 Loaded shared library /opt/java/openjdk/lib/libnio.so
Event: 0.026 Loaded shared library /opt/java/openjdk/lib/libzip.so
Event: 0.043 Loaded shared library /opt/java/openjdk/lib/libjimage.so
Event: 0.052 Loaded shared library /opt/java/openjdk/lib/libnet.so
Event: 1.166 Loaded shared library /opt/java/openjdk/lib/libmanagement.so
Event: 1.166 Loaded shared library /opt/java/openjdk/lib/libmanagement_ext.so
Event: 1.665 Loaded shared library /opt/java/openjdk/lib/libverify.so
Event: 1.905 Loaded shared library /home/container/.cache/JNA/temp/jna15895327601198912026.tmp
Event: 7.434 Loaded shared library /opt/java/openjdk/lib/libjaas.so
Event: 7.561 Loaded shared library /opt/java/openjdk/lib/libextnet.so
Event: 10.256 Loaded shared library /opt/java/openjdk/lib/libawt.so
Event: 10.257 Loaded shared library /opt/java/openjdk/lib/libawt_headless.so
Event: 11.795 Loaded shared library /tmp/libnetty_transport_native_epoll_x86_6415623538251607558546.so
Event: 11.845 Loaded shared library /tmp/native-2827239586295121283.so
Event: 11.849 Loaded shared library /tmp/native-12215121731361310912.so
Event: 24.091 Loaded shared library /home/container/plugins/spark/tmp-client/spark-2fcef909324768-libasyncProfiler.so.tmp

Deoptimization events (20 events):
Event: 23.926 Thread 0x000079df8df89d90 DEOPT PACKING pc=0x000079dff4347608 sp=0x000079dfd4efb190
Event: 23.926 Thread 0x000079df8df89d90 DEOPT UNPACKING pc=0x000079dff3b38c79 sp=0x000079dfd4efb148 mode 2
Event: 23.926 Thread 0x000079df8df89d90 Uncommon trap: trap_request=0xffffffde fr.pc=0x000079dff4347608 relative=0x0000000000000088
Event: 23.926 Thread 0x000079df8df89d90 Uncommon trap: reason=class_check action=maybe_recompile pc=0x000079dff4347608 method=java.util.HashSet.remove(Ljava/lang/Object;)Z @ 5 c2
Event: 23.926 Thread 0x000079df8df89d90 DEOPT PACKING pc=0x000079dff4347608 sp=0x000079dfd4efb190
Event: 23.926 Thread 0x000079df8df89d90 DEOPT UNPACKING pc=0x000079dff3b38c79 sp=0x000079dfd4efb148 mode 2
Event: 23.928 Thread 0x000079df8df89d90 Uncommon trap: trap_request=0xffffffde fr.pc=0x000079dff4347608 relative=0x0000000000000088
Event: 23.928 Thread 0x000079df8df89d90 Uncommon trap: reason=class_check action=maybe_recompile pc=0x000079dff4347608 method=java.util.HashSet.remove(Ljava/lang/Object;)Z @ 5 c2
Event: 23.928 Thread 0x000079df8df89d90 DEOPT PACKING pc=0x000079dff4347608 sp=0x000079dfd4efb190
Event: 23.928 Thread 0x000079df8df89d90 DEOPT UNPACKING pc=0x000079dff3b38c79 sp=0x000079dfd4efb148 mode 2
Event: 23.928 Thread 0x000079df8df89d90 Uncommon trap: trap_request=0xffffffde fr.pc=0x000079dff4347608 relative=0x0000000000000088
Event: 23.928 Thread 0x000079df8df89d90 Uncommon trap: reason=class_check action=maybe_recompile pc=0x000079dff4347608 method=java.util.HashSet.remove(Ljava/lang/Object;)Z @ 5 c2
Event: 23.928 Thread 0x000079df8df89d90 DEOPT PACKING pc=0x000079dff4347608 sp=0x000079dfd4efb190
Event: 23.928 Thread 0x000079df8df89d90 DEOPT UNPACKING pc=0x000079dff3b38c79 sp=0x000079dfd4efb148 mode 2
Event: 24.026 Thread 0x000079df71962110 Uncommon trap: trap_request=0xffffff45 fr.pc=0x000079dff408e828 relative=0x0000000000000228
Event: 24.026 Thread 0x000079df71962110 Uncommon trap: reason=unstable_if action=reinterpret pc=0x000079dff408e828 method=java.util.HashMap$ValueSpliterator.forEachRemaining(Ljava/util/function/Consumer;)V @ 31 c2
Event: 24.026 Thread 0x000079df71962110 DEOPT PACKING pc=0x000079dff408e828 sp=0x000079df922e44a0
Event: 24.026 Thread 0x000079df71962110 DEOPT UNPACKING pc=0x000079dff3b38c79 sp=0x000079df922e4440 mode 2
Event: 24.388 Thread 0x000079df7064be20 DEOPT PACKING pc=0x000079dfed8a3a96 sp=0x000079dfd48ffb20
Event: 24.388 Thread 0x000079df7064be20 DEOPT UNPACKING pc=0x000079dff3a55b8f sp=0x000079dfd48ff050 mode 0

Classes loaded (20 events):
Event: 21.425 Loading class java/util/regex/Matcher$ImmutableMatchResult
Event: 21.425 Loading class java/util/regex/Matcher$ImmutableMatchResult done
Event: 22.122 Loading class java/util/regex/Pattern$LazyLoop
Event: 22.122 Loading class java/util/regex/Pattern$LazyLoop done
Event: 22.226 Loading class java/lang/FdLibm$Atan
Event: 22.226 Loading class java/lang/FdLibm$Atan done
Event: 22.227 Loading class java/lang/FdLibm$Atan2
Event: 22.227 Loading class java/lang/FdLibm$Atan2 done
Event: 22.790 Loading class java/io/DataOutputStream
Event: 22.790 Loading class java/io/DataOutputStream done
Event: 22.791 Loading class java/io/UTFDataFormatException
Event: 22.791 Loading class java/io/UTFDataFormatException done
Event: 22.817 Loading class java/util/PriorityQueue$Itr
Event: 22.817 Loading class java/util/PriorityQueue$Itr done
Event: 23.314 Loading class java/util/PriorityQueue$PriorityQueueSpliterator
Event: 23.314 Loading class java/util/PriorityQueue$PriorityQueueSpliterator done
Event: 24.021 Loading class javax/management/MBeanServerInvocationHandler
Event: 24.021 Loading class javax/management/MBeanServerInvocationHandler done
Event: 24.410 Loading class jdk/internal/vm/VMSupport
Event: 24.410 Loading class jdk/internal/vm/VMSupport done

Classes unloaded (0 events):
No events

Classes redefined (0 events):
No events

Internal exceptions (20 events):
Event: 23.625 Thread 0x000079df70769fa0 Exception <a 'sun/nio/fs/UnixException'{0x00000006b556fdd0}> (0x00000006b556fdd0) 
thrown [src/hotspot/share/prims/jni.cpp, line 516]
Event: 23.625 Thread 0x000079df70769fa0 Exception <a 'sun/nio/fs/UnixException'{0x00000006b5575ae8}> (0x00000006b5575ae8) 
thrown [src/hotspot/share/prims/jni.cpp, line 516]
Event: 23.626 Thread 0x000079df70769fa0 Exception <a 'sun/nio/fs/UnixException'{0x00000006b557ba30}> (0x00000006b557ba30) 
thrown [src/hotspot/share/prims/jni.cpp, line 516]
Event: 23.626 Thread 0x000079df70769fa0 Exception <a 'sun/nio/fs/UnixException'{0x00000006b32023a8}> (0x00000006b32023a8) 
thrown [src/hotspot/share/prims/jni.cpp, line 516]
Event: 23.627 Thread 0x000079df70769fa0 Exception <a 'sun/nio/fs/UnixException'{0x00000006b3208050}> (0x00000006b3208050) 
thrown [src/hotspot/share/prims/jni.cpp, line 516]
Event: 23.627 Thread 0x000079df70769fa0 Exception <a 'sun/nio/fs/UnixException'{0x00000006b320dd68}> (0x00000006b320dd68) 
thrown [src/hotspot/share/prims/jni.cpp, line 516]
Event: 23.627 Thread 0x000079df70769fa0 Exception <a 'sun/nio/fs/UnixException'{0x00000006b3213ab8}> (0x00000006b3213ab8) 
thrown [src/hotspot/share/prims/jni.cpp, line 516]
Event: 23.628 Thread 0x000079df70769fa0 Exception <a 'sun/nio/fs/UnixException'{0x00000006b32199c8}> (0x00000006b32199c8) 
thrown [src/hotspot/share/prims/jni.cpp, line 516]
Event: 23.628 Thread 0x000079df70769fa0 Exception <a 'sun/nio/fs/UnixException'{0x00000006b321e128}> (0x00000006b321e128) 
thrown [src/hotspot/share/prims/jni.cpp, line 516]
Event: 23.712 Thread 0x000079df8df89d90 Exception <a 'sun/nio/fs/UnixException'{0x00000006b30ce130}> (0x00000006b30ce130) 
thrown [src/hotspot/share/prims/jni.cpp, line 516]
Event: 23.712 Thread 0x000079df8df89d90 Exception <a 'sun/nio/fs/UnixException'{0x00000006b30ce360}> (0x00000006b30ce360) 
thrown [src/hotspot/share/prims/jni.cpp, line 516]
Event: 23.712 Thread 0x000079df8df89d90 Exception <a 'sun/nio/fs/UnixException'{0x00000006b30ce5a8}> (0x00000006b30ce5a8) 
thrown [src/hotspot/share/prims/jni.cpp, line 516]
Event: 23.800 Thread 0x000079df8df89d90 Exception <a 'java/lang/NoSuchMethodError'{0x00000006b1353808}: 'int java.lang.invoke.DirectMethodHandle$Holder.invokeSpecial(java.lang.Object, java.lang.Object, java.lang.Object, java.lang.Object, java.lang.Object, java.lang.Object)'> (0x00000006b1353808) 
thrown [src/hotspot/share/interpreter/linkResolver.cpp, line 803]
Event: 23.881 Thread 0x000079df71943dd0 Exception <a 'sun/nio/fs/UnixException'{0x00000006af4002d0}> (0x00000006af4002d0) 
thrown [src/hotspot/share/prims/jni.cpp, line 516]
Event: 23.894 Thread 0x000079df71943dd0 Exception <a 'sun/nio/fs/UnixException'{0x00000006af410558}> (0x00000006af410558) 
thrown [src/hotspot/share/prims/jni.cpp, line 516]
Event: 23.920 Thread 0x000079df8df89d90 Exception <a 'java/io/FileNotFoundException'{0x00000006ae5e44a0}> (0x00000006ae5e44a0) 
thrown [src/hotspot/share/prims/jni.cpp, line 516]
Event: 23.920 Thread 0x000079df8df89d90 Implicit null exception at 0x000079dff459e6ae to 0x000079dff459e6e8
Event: 24.029 Thread 0x000079df8df89d90 Exception <a 'java/lang/NoSuchMethodError'{0x00000006acf70af8}: 'double java.lang.invoke.DirectMethodHandle$Holder.invokeStatic(java.lang.Object, long)'> (0x00000006acf70af8) 
thrown [src/hotspot/share/interpreter/linkResolver.cpp, line 803]
Event: 24.029 Thread 0x000079df8df89d90 Exception <a 'java/lang/NoSuchMethodError'{0x00000006acf787e8}: 'double java.lang.invoke.DirectMethodHandle$Holder.invokeStaticInit(java.lang.Object, long)'> (0x00000006acf787e8) 
thrown [src/hotspot/share/interpreter/linkResolver.cpp, line 803]
Event: 24.409 Thread 0x000079df8df89d90 Exception <a 'java/lang/NoSuchMethodError'{0x00000006abec9c70}: Ljdk/jfr/internal/JVM;.getTicksFrequency()J> (0x00000006abec9c70) 
thrown [src/hotspot/share/prims/jni.cpp, line 1106]

VM Operations (20 events):
Event: 22.246 Executing non-safepoint VM operation: HandshakeAllThreads (Deoptimize)
Event: 22.246 Executing non-safepoint VM operation: HandshakeAllThreads (Deoptimize) done
Event: 22.272 Executing non-safepoint VM operation: HandshakeAllThreads (Deoptimize)
Event: 22.272 Executing non-safepoint VM operation: HandshakeAllThreads (Deoptimize) done
Event: 22.382 Executing safepoint VM operation: G1CollectForAllocation (G1 Evacuation Pause)
Event: 22.425 Executing safepoint VM operation: G1CollectForAllocation (G1 Evacuation Pause) done
Event: 22.736 Executing non-safepoint VM operation: HandshakeAllThreads (Deoptimize)
Event: 22.736 Executing non-safepoint VM operation: HandshakeAllThreads (Deoptimize) done
Event: 22.796 Executing non-safepoint VM operation: HandshakeAllThreads (Deoptimize)
Event: 22.796 Executing non-safepoint VM operation: HandshakeAllThreads (Deoptimize) done
Event: 22.806 Executing non-safepoint VM operation: HandshakeAllThreads (Deoptimize)
Event: 22.806 Executing non-safepoint VM operation: HandshakeAllThreads (Deoptimize) done
Event: 23.302 Executing non-safepoint VM operation: HandshakeAllThreads (Deoptimize)
Event: 23.303 Executing non-safepoint VM operation: HandshakeAllThreads (Deoptimize) done
Event: 23.394 Executing safepoint VM operation: G1PauseRemark
Event: 23.407 Executing safepoint VM operation: G1PauseRemark done
Event: 23.723 Executing safepoint VM operation: G1PauseCleanup
Event: 23.723 Executing safepoint VM operation: G1PauseCleanup done
Event: 24.091 Executing safepoint VM operation: SetNotifyJvmtiEventsMode
Event: 24.091 Executing safepoint VM operation: SetNotifyJvmtiEventsMode done

Memory protections (20 events):
Event: 17.170 Protecting memory [0x000079df92fe6000,0x000079df92fea000] with protection modes 0
Event: 17.171 Protecting memory [0x000079df92ee6000,0x000079df92eea000] with protection modes 0
Event: 17.263 Protecting memory [0x000079df92de6000,0x000079df92dea000] with protection modes 0
Event: 17.297 Protecting memory [0x000079df92de6000,0x000079df92dea000] with protection modes 0
Event: 17.864 Protecting memory [0x000079df92de6000,0x000079df92dea000] with protection modes 0
Event: 18.063 Protecting memory [0x000079df92de6000,0x000079df92dea000] with protection modes 0
Event: 19.695 Protecting memory [0x000079df92de6000,0x000079df92dea000] with protection modes 0
Event: 19.890 Protecting memory [0x000079df92ce6000,0x000079df92cea000] with protection modes 0
Event: 19.932 Protecting memory [0x000079df92be6000,0x000079df92bea000] with protection modes 0
Event: 19.956 Protecting memory [0x000079df92ae6000,0x000079df92aea000] with protection modes 0
Event: 20.958 Protecting memory [0x000079df929e6000,0x000079df929ea000] with protection modes 0
Event: 21.557 Protecting memory [0x000079df928e6000,0x000079df928ea000] with protection modes 0
Event: 22.790 Protecting memory [0x000079df927e6000,0x000079df927ea000] with protection modes 0
Event: 23.381 Protecting memory [0x000079df926e6000,0x000079df926ea000] with protection modes 0
Event: 23.547 Protecting memory [0x000079df925e6000,0x000079df925ea000] with protection modes 0
Event: 23.732 Protecting memory [0x000079df924e6000,0x000079df924ea000] with protection modes 0
Event: 23.881 Protecting memory [0x000079df923e6000,0x000079df923ea000] with protection modes 0
Event: 24.020 Protecting memory [0x000079df922e6000,0x000079df922ea000] with protection modes 0
Event: 24.025 Protecting memory [0x000079df921e6000,0x000079df921ea000] with protection modes 0
Event: 24.411 Protecting memory [0x000079df920e6000,0x000079df920ea000] with protection modes 0

Nmethod flushes (20 events):
Event: 23.405 Thread 0x000079e00410d650 flushing  nmethod 0x000079dfed2faf88
Event: 23.405 Thread 0x000079e00410d650 flushing  nmethod 0x000079dfed2fb288
Event: 23.405 Thread 0x000079e00410d650 flushing  nmethod 0x000079dfed2fc688
Event: 23.405 Thread 0x000079e00410d650 flushing  nmethod 0x000079dfed318f88
Event: 23.405 Thread 0x000079e00410d650 flushing  nmethod 0x000079dfed31c088
Event: 23.405 Thread 0x000079e00410d650 flushing  nmethod 0x000079dfed31c988
Event: 23.405 Thread 0x000079e00410d650 flushing  nmethod 0x000079dfed31db08
Event: 23.405 Thread 0x000079e00410d650 flushing  nmethod 0x000079dfed31f608
Event: 23.405 Thread 0x000079e00410d650 flushing  nmethod 0x000079dfed31f908
Event: 23.405 Thread 0x000079e00410d650 flushing  nmethod 0x000079dfed31fe08
Event: 23.405 Thread 0x000079e00410d650 flushing  nmethod 0x000079dfed37ad88
Event: 23.405 Thread 0x000079e00410d650 flushing  nmethod 0x000079dfed38ae08
Event: 23.405 Thread 0x000079e00410d650 flushing  nmethod 0x000079dfed38b488
Event: 23.405 Thread 0x000079e00410d650 flushing  nmethod 0x000079dfed38bc88
Event: 23.405 Thread 0x000079e00410d650 flushing  nmethod 0x000079dfed3ac108
Event: 23.405 Thread 0x000079e00410d650 flushing  nmethod 0x000079dfed3ad688
Event: 23.405 Thread 0x000079e00410d650 flushing  nmethod 0x000079dfed3b2508
Event: 23.405 Thread 0x000079e00410d650 flushing  nmethod 0x000079dfed3b2c08
Event: 23.405 Thread 0x000079e00410d650 flushing  nmethod 0x000079dfed3b2f08
Event: 23.405 Thread 0x000079e00410d650 flushing osr nmethod 0x000079dfed3cb488

Events (20 events):
Event: 17.297 Thread 0x000079df713f5500 Thread added: 0x000079df240055d0
Event: 17.297 Thread 0x000079df240055d0 Thread exited: 0x000079df240055d0
Event: 17.864 Thread 0x000079df713f8740 Thread added: 0x000079df1c0018a0
Event: 17.864 Thread 0x000079df1c0018a0 Thread exited: 0x000079df1c0018a0
Event: 18.063 Thread 0x000079df713f8740 Thread added: 0x000079df1c004960
Event: 18.063 Thread 0x000079df1c004960 Thread exited: 0x000079df1c004960
Event: 19.695 Thread 0x000079df8df89d90 Thread added: 0x000079df716bde10
Event: 19.890 Thread 0x000079df8df89d90 Thread added: 0x000079df71710330
Event: 19.932 Thread 0x000079df8df89d90 Thread added: 0x000079df71715b70
Event: 19.956 Thread 0x000079df8df89d90 Thread added: 0x000079df71726af0
Event: 20.958 Thread 0x000079df71726af0 Thread added: 0x000079df0c0015f0
Event: 21.557 Thread 0x000079df8df89d90 Thread added: 0x000079df70f7c7b0
Event: 22.790 Thread 0x000079df8df89d90 Thread added: 0x000079df718fd7e0
Event: 23.381 Thread 0x000079df8df89d90 Thread added: 0x000079df7190e600
Event: 23.547 Thread 0x000079df8df89d90 Thread added: 0x000079df7190eeb0
Event: 23.732 Thread 0x000079df8df89d90 Thread added: 0x000079df719169f0
Event: 23.881 Thread 0x000079df8df89d90 Thread added: 0x000079df71943dd0
Event: 24.020 Thread 0x000079df8df89d90 Thread added: 0x000079df7195f280
Event: 24.025 Thread 0x000079df8df89d90 Thread added: 0x000079df71962110
Event: 24.411 Thread 0x000079df8df89d90 Thread added: 0x000079df728cd700


Dynamic libraries:
5c000000-5c001000 ---p 00000000 00:00 0 
5c001000-5c4ad000 rw-p 00001000 00:258 52594858                          /opt/java/openjdk/lib/server/classes.jsa
5c4ad000-5cd95000 rw-p 004ad000 00:258 52594858                          /opt/java/openjdk/lib/server/classes.jsa
5cd95000-5d000000 ---p 00000000 00:00 0 
5d000000-5d030000 rw-p 00000000 00:00 0 
5d030000-5d0d0000 rw-p 00000000 00:00 0 
5d0d0000-5d130000 rw-p 00000000 00:00 0 
5d130000-5d230000 rw-p 00000000 00:00 0 
5d230000-5d270000 rw-p 00000000 00:00 0 
5d270000-5d7d0000 rw-p 00000000 00:00 0 
5d7d0000-5d7f0000 rw-p 00000000 00:00 0 
5d7f0000-5dab0000 rw-p 00000000 00:00 0 
5dab0000-5db30000 rw-p 00000000 00:00 0 
5db30000-5db70000 rw-p 00000000 00:00 0 
5db70000-5dcb0000 rw-p 00000000 00:00 0 
5dcb0000-5dcf0000 rw-p 00000000 00:00 0 
5dcf0000-5e430000 rw-p 00000000 00:00 0 
5e430000-5e450000 rw-p 00000000 00:00 0 
5e450000-5e480000 ---p 00000000 00:00 0 
5e480000-5ee00000 rw-p 00000000 00:00 0 
5ee00000-9d000000 ---p 00000000 00:00 0 
680000000-6ba000000 rw-p 00000000 00:00 0 
6ba000000-6bd400000 ---p 00000000 00:00 0 
6bd400000-6c0000000 rw-p 00000000 00:00 0 
6c0000000-7fb000000 ---p 00000000 00:00 0 
7fb000000-7ffc00000 rw-p 00000000 00:00 0 
7ffc00000-7ffd24000 rw-p 00dc9000 00:258 52594858                        /opt/java/openjdk/lib/server/classes.jsa
7ffd24000-800000000 rw-p 00000000 00:00 0 
592e568cf000-592e568d0000 r--p 00000000 00:258 52585709                  /opt/java/openjdk/bin/java
592e568d0000-592e568d1000 r-xp 00001000 00:258 52585709                  /opt/java/openjdk/bin/java
592e568d1000-592e568d2000 r--p 00002000 00:258 52585709                  /opt/java/openjdk/bin/java
592e568d2000-592e568d3000 r--p 00002000 00:258 52585709                  /opt/java/openjdk/bin/java
592e568d3000-592e568d4000 rw-p 00003000 00:258 52585709                  /opt/java/openjdk/bin/java
592e873d3000-592e8741c000 rw-p 00000000 00:00 0                          [heap]
79ded4000000-79ded44fe000 rw-p 00000000 00:00 0 
79ded44fe000-79ded8000000 ---p 00000000 00:00 0 
79ded8000000-79ded8021000 rw-p 00000000 00:00 0 
79ded8021000-79dedc000000 ---p 00000000 00:00 0 
79dedc000000-79dedc021000 rw-p 00000000 00:00 0 
79dedc021000-79dee0000000 ---p 00000000 00:00 0 
79dee0000000-79dee0021000 rw-p 00000000 00:00 0 
79dee0021000-79dee4000000 ---p 00000000 00:00 0 
79dee4000000-79dee4021000 rw-p 00000000 00:00 0 
79dee4021000-79dee8000000 ---p 00000000 00:00 0 
79dee8000000-79dee8021000 rw-p 00000000 00:00 0 
79dee8021000-79deec000000 ---p 00000000 00:00 0 
79deec000000-79deec043000 rw-p 00000000 00:00 0 
79deec043000-79def0000000 ---p 00000000 00:00 0 
79def0000000-79def0021000 rw-p 00000000 00:00 0 
79def0021000-79def4000000 ---p 00000000 00:00 0 
79def4000000-79def4047000 rw-p 00000000 00:00 0 
79def4047000-79def8000000 ---p 00000000 00:00 0 
79def8000000-79def8043000 rw-p 00000000 00:00 0 
79def8043000-79defc000000 ---p 00000000 00:00 0 
79defc000000-79defc021000 rw-p 00000000 00:00 0 
79defc021000-79df00000000 ---p 00000000 00:00 0 
79df00000000-79df00021000 rw-p 00000000 00:00 0 
79df00021000-79df04000000 ---p 00000000 00:00 0 
79df04000000-79df04e30000 rw-p 00000000 00:00 0 
79df04e30000-79df08000000 ---p 00000000 00:00 0 
79df08000000-79df08021000 rw-p 00000000 00:00 0 
79df08021000-79df0c000000 ---p 00000000 00:00 0 
79df0c000000-79df0c021000 rw-p 00000000 00:00 0 
79df0c021000-79df10000000 ---p 00000000 00:00 0 
79df10000000-79df10021000 rw-p 00000000 00:00 0 
79df10021000-79df14000000 ---p 00000000 00:00 0 
79df14000000-79df14021000 rw-p 00000000 00:00 0 
79df14021000-79df18000000 ---p 00000000 00:00 0 
79df18000000-79df18021000 rw-p 00000000 00:00 0 
79df18021000-79df1c000000 ---p 00000000 00:00 0 
79df1c000000-79df1c027000 rw-p 00000000 00:00 0 
79df1c027000-79df20000000 ---p 00000000 00:00 0 
79df20000000-79df20021000 rw-p 00000000 00:00 0 
79df20021000-79df24000000 ---p 00000000 00:00 0 
79df24000000-79df24021000 rw-p 00000000 00:00 0 
79df24021000-79df28000000 ---p 00000000 00:00 0 
79df28000000-79df28021000 rw-p 00000000 00:00 0 
79df28021000-79df2c000000 ---p 00000000 00:00 0 
79df2c000000-79df2c021000 rw-p 00000000 00:00 0 
79df2c021000-79df30000000 ---p 00000000 00:00 0 
79df30000000-79df3007f000 rw-p 00000000 00:00 0 
79df3007f000-79df34000000 ---p 00000000 00:00 0 
79df34000000-79df3414c000 rw-p 00000000 00:00 0 
79df3414c000-79df38000000 ---p 00000000 00:00 0 
79df38000000-79df38021000 rw-p 00000000 00:00 0 
79df38021000-79df3c000000 ---p 00000000 00:00 0 
79df3c000000-79df3c0a5000 rw-p 00000000 00:00 0 
79df3c0a5000-79df40000000 ---p 00000000 00:00 0 
79df40000000-79df40021000 rw-p 00000000 00:00 0 
79df40021000-79df44000000 ---p 00000000 00:00 0 
79df44000000-79df44021000 rw-p 00000000 00:00 0 
79df44021000-79df48000000 ---p 00000000 00:00 0 
79df48000000-79df48091000 rw-p 00000000 00:00 0 
79df48091000-79df4c000000 ---p 00000000 00:00 0 
79df4c000000-79df4c021000 rw-p 00000000 00:00 0 
79df4c021000-79df50000000 ---p 00000000 00:00 0 
79df50000000-79df50072000 rw-p 00000000 00:00 0 
79df50072000-79df54000000 ---p 00000000 00:00 0 
79df54000000-79df540ec000 rw-p 00000000 00:00 0 
79df540ec000-79df58000000 ---p 00000000 00:00 0 
79df58000000-79df58021000 rw-p 00000000 00:00 0 
79df58021000-79df5c000000 ---p 00000000 00:00 0 
79df5c000000-79df5c021000 rw-p 00000000 00:00 0 
79df5c021000-79df60000000 ---p 00000000 00:00 0 
79df60000000-79df60021000 rw-p 00000000 00:00 0 
79df60021000-79df64000000 ---p 00000000 00:00 0 
79df64000000-79df64021000 rw-p 00000000 00:00 0 
79df64021000-79df68000000 ---p 00000000 00:00 0 
79df68000000-79df680f0000 rw-p 00000000 00:00 0 
79df680f0000-79df681f0000 rw-p 00000000 00:00 0 
79df681f0000-79df68f30000 rw-p 00000000 00:00 0 
79df68f30000-79df68f70000 rw-p 00000000 00:00 0 
79df68f70000-79df69170000 rw-p 00000000 00:00 0 
79df69170000-79df691f0000 rw-p 00000000 00:00 0 
79df691f0000-79df69af0000 rw-p 00000000 00:00 0 
79df69af0000-79df69bf0000 rw-p 00000000 00:00 0 
79df69bf0000-79df6bcf0000 rw-p 00000000 00:00 0 
79df6bcf0000-79df6bd50000 rw-p 00000000 00:00 0 
79df6bd50000-79df6be00000 ---p 00000000 00:00 0 
79df6be00000-79df6bff0000 rw-p 00000000 00:00 0 
79df6bff0000-79df6c071000 rw-p 00000000 00:00 0 
79df6c071000-79df70000000 ---p 00000000 00:00 0 
79df70000000-79df72fbb000 rw-p 00000000 00:00 0 
79df72fbb000-79df74000000 ---p 00000000 00:00 0 
79df74000000-79df74021000 rw-p 00000000 00:00 0 
79df74021000-79df78000000 ---p 00000000 00:00 0 
79df78000000-79df78021000 rw-p 00000000 00:00 0 
79df78021000-79df7c000000 ---p 00000000 00:00 0 
79df7c000000-79df7c021000 rw-p 00000000 00:00 0 
79df7c021000-79df80000000 ---p 00000000 00:00 0 
79df80000000-79df8010b000 rw-p 00000000 00:00 0 
79df8010b000-79df84000000 ---p 00000000 00:00 0 
79df84000000-79df84044000 rw-p 00000000 00:00 0 
79df84044000-79df88000000 ---p 00000000 00:00 0 
79df88000000-79df88021000 rw-p 00000000 00:00 0 
79df88021000-79df8c000000 ---p 00000000 00:00 0 
79df8c000000-79df8df96000 rw-p 00000000 00:00 0 
79df8df96000-79df90000000 ---p 00000000 00:00 0 
79df907fe000-79df907ff000 ---p 00000000 00:00 0 
79df907ff000-79df90fff000 rw-p 00000000 00:00 0 
79df90fff000-79df91a00000 rw-p 00000000 00:00 0 
79df91a60000-79df91a64000 ---p 00000000 00:00 0 
79df91a64000-79df91b60000 rw-p 00000000 00:00 0 
79df91b60000-79df91c03000 r--p 00000000 00:258 52587205                  /usr/lib/x86_64-linux-gnu/libstdc++.so.6.0.35
79df91c03000-79df91d5e000 r-xp 000a3000 00:258 52587205                  /usr/lib/x86_64-linux-gnu/libstdc++.so.6.0.35
79df91d5e000-79df91dea000 r--p 001fe000 00:258 52587205                  /usr/lib/x86_64-linux-gnu/libstdc++.so.6.0.35
79df91dea000-79df91df9000 r--p 0028a000 00:258 52587205                  /usr/lib/x86_64-linux-gnu/libstdc++.so.6.0.35
79df91df9000-79df91dfc000 rw-p 00299000 00:258 52587205                  /usr/lib/x86_64-linux-gnu/libstdc++.so.6.0.35
79df91dfc000-79df91e00000 rw-p 00000000 00:00 0 
79df91e00000-79df91e48000 r-xp 00000000 08:03 57548469                   /home/container/plugins/spark/tmp-client/spark-2fcef909324768-libasyncProfiler.so.tmp
79df91e48000-79df92048000 ---p 00048000 08:03 57548469                   /home/container/plugins/spark/tmp-client/spark-2fcef909324768-libasyncProfiler.so.tmp
79df92048000-79df9204a000 rw-p 00048000 08:03 57548469                   /home/container/plugins/spark/tmp-client/spark-2fcef909324768-libasyncProfiler.so.tmp
79df9204a000-79df92052000 rw-p 00000000 00:00 0 
79df920e6000-79df920ea000 ---p 00000000 00:00 0 
79df920ea000-79df921e6000 rw-p 00000000 00:00 0 
79df921e6000-79df921ea000 ---p 00000000 00:00 0 
79df921ea000-79df922e6000 rw-p 00000000 00:00 0 
79df922e6000-79df922ea000 ---p 00000000 00:00 0 
79df922ea000-79df923e6000 rw-p 00000000 00:00 0 
79df923e6000-79df923ea000 ---p 00000000 00:00 0 
79df923ea000-79df924e6000 rw-p 00000000 00:00 0 
79df924e6000-79df924ea000 ---p 00000000 00:00 0 
79df924ea000-79df925e6000 rw-p 00000000 00:00 0 
79df925e6000-79df925ea000 ---p 00000000 00:00 0 
79df925ea000-79df926e6000 rw-p 00000000 00:00 0 
79df926e6000-79df926ea000 ---p 00000000 00:00 0 
79df926ea000-79df927e6000 rw-p 00000000 00:00 0 
79df927e6000-79df927ea000 ---p 00000000 00:00 0 
79df927ea000-79df928e6000 rw-p 00000000 00:00 0 
79df928e6000-79df928ea000 ---p 00000000 00:00 0 
79df928ea000-79df929e6000 rw-p 00000000 00:00 0 
79df929e6000-79df929ea000 ---p 00000000 00:00 0 
79df929ea000-79df92ae6000 rw-p 00000000 00:00 0 
79df92ae6000-79df92aea000 ---p 00000000 00:00 0 
79df92aea000-79df92be6000 rw-p 00000000 00:00 0 
79df92be6000-79df92bea000 ---p 00000000 00:00 0 
79df92bea000-79df92ce6000 rw-p 00000000 00:00 0 
79df92ce6000-79df92cea000 ---p 00000000 00:00 0 
79df92cea000-79df92de6000 rw-p 00000000 00:00 0 
79df92de6000-79df92dea000 ---p 00000000 00:00 0 
79df92dea000-79df92ee6000 rw-p 00000000 00:00 0 
79df92ee6000-79df92eea000 ---p 00000000 00:00 0 
79df92eea000-79df92fe6000 rw-p 00000000 00:00 0 
79df92fe6000-79df92fea000 ---p 00000000 00:00 0 
79df92fea000-79df930e6000 rw-p 00000000 00:00 0 
79df930e6000-79df930ea000 ---p 00000000 00:00 0 
79df930ea000-79df931e6000 rw-p 00000000 00:00 0 
79df931e6000-79df931ea000 ---p 00000000 00:00 0 
79df931ea000-79df932e6000 rw-p 00000000 00:00 0 
79df932e6000-79df932ea000 ---p 00000000 00:00 0 
79df932ea000-79df933e6000 rw-p 00000000 00:00 0 
79df933e6000-79df933ea000 ---p 00000000 00:00 0 
79df933ea000-79df934e6000 rw-p 00000000 00:00 0 
79df934e6000-79df934ea000 ---p 00000000 00:00 0 
79df934ea000-79df935e6000 rw-p 00000000 00:00 0 
79df935e6000-79df936ca000 r--p 00000000 00:258 52596737                  /usr/lib/x86_64-linux-gnu/libcrypto.so.3
79df936ca000-79df93a5e000 r-xp 000e4000 00:258 52596737                  /usr/lib/x86_64-linux-gnu/libcrypto.so.3
79df93a5e000-79df93b7d000 r--p 00478000 00:258 52596737                  /usr/lib/x86_64-linux-gnu/libcrypto.so.3
79df93b7d000-79df93bfa000 r--p 00597000 00:258 52596737                  /usr/lib/x86_64-linux-gnu/libcrypto.so.3
79df93bfa000-79df93bfd000 rw-p 00614000 00:258 52596737                  /usr/lib/x86_64-linux-gnu/libcrypto.so.3
79df93bfd000-79df93c00000 rw-p 00000000 00:00 0 
79df93c00000-79df93c11000 r-xp 00000000 00:abe 3                         /tmp/libnetty_transport_native_epoll_x86_6415623538251607558546.so (deleted)
79df93c11000-79df93e11000 ---p 00011000 00:abe 3                         /tmp/libnetty_transport_native_epoll_x86_6415623538251607558546.so (deleted)
79df93e11000-79df93e13000 r--p 00011000 00:abe 3                         /tmp/libnetty_transport_native_epoll_x86_6415623538251607558546.so (deleted)
79df93e13000-79df93e14000 rw-p 00000000 00:00 0 
79df93f00000-79df93f04000 ---p 00000000 00:00 0 
79df93f04000-79df94000000 rw-p 00000000 00:00 0 
79df94000000-79df9405c000 rw-p 00000000 00:00 0 
79df9405c000-79df98000000 ---p 00000000 00:00 0 
79df98000000-79df9804f000 rw-p 00000000 00:00 0 
79df9804f000-79df9c000000 ---p 00000000 00:00 0 
79df9c000000-79df9c021000 rw-p 00000000 00:00 0 
79df9c021000-79dfa0000000 ---p 00000000 00:00 0 
79dfa0000000-79dfa0021000 rw-p 00000000 00:00 0 
79dfa0021000-79dfa4000000 ---p 00000000 00:00 0 
79dfa4000000-79dfa6f7e000 rw-p 00000000 00:00 0 
79dfa6f7e000-79dfa8000000 ---p 00000000 00:00 0 
79dfa8000000-79dfa9700000 rw-p 00000000 00:00 0 
79dfa9700000-79dfac000000 ---p 00000000 00:00 0 
79dfac000000-79dfac03d000 rw-p 00000000 00:00 0 
79dfac03d000-79dfb0000000 ---p 00000000 00:00 0 
79dfb0000000-79dfb0021000 rw-p 00000000 00:00 0 
79dfb0021000-79dfb4000000 ---p 00000000 00:00 0 
79dfb4000000-79dfb4021000 rw-p 00000000 00:00 0 
79dfb4021000-79dfb8000000 ---p 00000000 00:00 0 
79dfb8000000-79dfb8021000 rw-p 00000000 00:00 0 
79dfb8021000-79dfbc000000 ---p 00000000 00:00 0 
79dfbc000000-79dfbc03e000 rw-p 00000000 00:00 0 
79dfbc03e000-79dfc0000000 ---p 00000000 00:00 0 
79dfc0000000-79dfc0021000 rw-p 00000000 00:00 0 
79dfc0021000-79dfc4000000 ---p 00000000 00:00 0 
79dfc4000000-79dfc43f0000 rw-p 00000000 00:00 0 
79dfc43f0000-79dfc47f0000 rw-p 00000000 00:00 0 
79dfc47f0000-79dfc48f0000 rw-p 00000000 00:00 0 
79dfc48f0000-79dfc4af0000 rw-p 00000000 00:00 0 
79dfc4af0000-79dfc50f0000 rw-p 00000000 00:00 0 
79dfc50f0000-79dfc52f0000 rw-p 00000000 00:00 0 
79dfc52f0000-79dfc53f0000 rw-p 00000000 00:00 0 
79dfc53f0000-79dfc6330000 rw-p 00000000 00:00 0 
79dfc6330000-79dfc67d0000 rw-p 00000000 00:00 0 
79dfc67d0000-79dfc7730000 rw-p 00000000 00:00 0 
79dfc7730000-79dfc7770000 rw-p 00000000 00:00 0 
79dfc7770000-79dfc7870000 rw-p 00000000 00:00 0 
79dfc7870000-79dfc78f0000 rw-p 00000000 00:00 0 
79dfc78f0000-79dfc7af0000 rw-p 00000000 00:00 0 
79dfc7af0000-79dfc7cf0000 rw-p 00000000 00:00 0 
79dfc7cf0000-79dfc7df0000 rw-p 00000000 00:00 0 
79dfc7df0000-79dfc7ff0000 rw-p 00000000 00:00 0 
79dfc7ff0000-79dfc8021000 rw-p 00000000 00:00 0 
79dfc8021000-79dfcc000000 ---p 00000000 00:00 0 
79dfcc000000-79dfcc021000 rw-p 00000000 00:00 0 
79dfcc021000-79dfd0000000 ---p 00000000 00:00 0 
79dfd0000000-79dfd0021000 rw-p 00000000 00:00 0 
79dfd0021000-79dfd4000000 ---p 00000000 00:00 0 
79dfd4001000-79dfd4011000 rw-p 00000000 00:00 0 
79dfd4011000-79dfd4015000 r--p 00000000 00:258 52587151                  /usr/lib/x86_64-linux-gnu/libgcc_s.so.1
79dfd4015000-79dfd4039000 r-xp 00004000 00:258 52587151                  /usr/lib/x86_64-linux-gnu/libgcc_s.so.1
79dfd4039000-79dfd403d000 r--p 00028000 00:258 52587151                  /usr/lib/x86_64-linux-gnu/libgcc_s.so.1
79dfd403d000-79dfd403e000 r--p 0002c000 00:258 52587151                  /usr/lib/x86_64-linux-gnu/libgcc_s.so.1
79dfd403e000-79dfd403f000 rw-p 0002d000 00:258 52587151                  /usr/lib/x86_64-linux-gnu/libgcc_s.so.1
79dfd403f000-79dfd4043000 ---p 00000000 00:00 0 
79dfd4043000-79dfd413f000 rw-p 00000000 00:00 0 
79dfd413f000-79dfd4143000 r--p 00000000 00:258 52587223                  /usr/lib/x86_64-linux-gnu/libzstd.so.1.5.7
79dfd4143000-79dfd41f3000 r-xp 00004000 00:258 52587223                  /usr/lib/x86_64-linux-gnu/libzstd.so.1.5.7
79dfd41f3000-79dfd4200000 r--p 000b4000 00:258 52587223                  /usr/lib/x86_64-linux-gnu/libzstd.so.1.5.7
79dfd4200000-79dfd4201000 r--p 000c1000 00:258 52587223                  /usr/lib/x86_64-linux-gnu/libzstd.so.1.5.7
79dfd4201000-79dfd4202000 rw-p 000c2000 00:258 52587223                  /usr/lib/x86_64-linux-gnu/libzstd.so.1.5.7
79dfd4202000-79dfd4206000 ---p 00000000 00:00 0 
79dfd4206000-79dfd4302000 rw-p 00000000 00:00 0 
79dfd4302000-79dfd4306000 ---p 00000000 00:00 0 
79dfd4306000-79dfd4402000 rw-p 00000000 00:00 0 
79dfd4402000-79dfd4406000 ---p 00000000 00:00 0 
79dfd4406000-79dfd4502000 rw-p 00000000 00:00 0 
79dfd4502000-79dfd4506000 ---p 00000000 00:00 0 
79dfd4506000-79dfd4602000 rw-p 00000000 00:00 0 
79dfd4602000-79dfd4606000 ---p 00000000 00:00 0 
79dfd4606000-79dfd4702000 rw-p 00000000 00:00 0 
79dfd4702000-79dfd4706000 ---p 00000000 00:00 0 
79dfd4706000-79dfd4802000 rw-p 00000000 00:00 0 
79dfd4802000-79dfd4806000 ---p 00000000 00:00 0 
79dfd4806000-79dfd4902000 rw-p 00000000 00:00 0 
79dfd4902000-79dfd4906000 ---p 00000000 00:00 0 
79dfd4906000-79dfd4a02000 rw-p 00000000 00:00 0 
79dfd4a02000-79dfd4a21000 r--p 00000000 00:258 52586116                  /opt/java/openjdk/lib/libawt.so
79dfd4a21000-79dfd4abf000 r-xp 0001f000 00:258 52586116                  /opt/java/openjdk/lib/libawt.so
79dfd4abf000-79dfd4acc000 r--p 000bd000 00:258 52586116                  /opt/java/openjdk/lib/libawt.so
79dfd4acc000-79dfd4acd000 r--p 000c9000 00:258 52586116                  /opt/java/openjdk/lib/libawt.so
79dfd4acd000-79dfd4ad8000 rw-p 000ca000 00:258 52586116                  /opt/java/openjdk/lib/libawt.so
79dfd4ad8000-79dfd4afd000 rw-p 00000000 00:00 0 
79dfd4afd000-79dfd4b01000 ---p 00000000 00:00 0 
79dfd4b01000-79dfd4bfd000 rw-p 00000000 00:00 0 
79dfd4bfd000-79dfd4c01000 ---p 00000000 00:00 0 
79dfd4c01000-79dfd4cfd000 rw-p 00000000 00:00 0 
79dfd4cfd000-79dfd4d01000 ---p 00000000 00:00 0 
79dfd4d01000-79dfd4dfd000 rw-p 00000000 00:00 0 
79dfd4dfd000-79dfd4e01000 ---p 00000000 00:00 0 
79dfd4e01000-79dfd4efd000 rw-p 00000000 00:00 0 
79dfd4efd000-79dfd4f01000 ---p 00000000 00:00 0 
79dfd4f01000-79dfd4ffd000 rw-p 00000000 00:00 0 
79dfd4ffd000-79dfd5001000 ---p 00000000 00:00 0 
79dfd5001000-79dfd50fd000 rw-p 00000000 00:00 0 
79dfd50fd000-79dfd50fe000 ---p 00000000 00:00 0 
79dfd50fe000-79dfd51fe000 rw-p 00000000 00:00 0 
79dfd51fe000-79dfd51ff000 ---p 00000000 00:00 0 
79dfd51ff000-79dfd52ff000 rw-p 00000000 00:00 0 
79dfd5300000-79dfd5304000 ---p 00000000 00:00 0 
79dfd5304000-79dfd5400000 rw-p 00000000 00:00 0 
79dfd5400000-79dfd5404000 ---p 00000000 00:00 0 
79dfd5404000-79dfd5500000 rw-p 00000000 00:00 0 
79dfd5500000-79dfd5504000 ---p 00000000 00:00 0 
79dfd5504000-79dfd5600000 rw-p 00000000 00:00 0 
79dfd5600000-79dfd561e000 r-xp 00000000 08:03 57546599                   /home/container/.cache/JNA/temp/jna15895327601198912026.tmp (deleted)
79dfd561e000-79dfd581d000 ---p 0001e000 08:03 57546599                   /home/container/.cache/JNA/temp/jna15895327601198912026.tmp (deleted)
79dfd581d000-79dfd581e000 rw-p 0001d000 08:03 57546599                   /home/container/.cache/JNA/temp/jna15895327601198912026.tmp (deleted)
79dfd581e000-79dfd581f000 rw-p 00000000 00:00 0 
79dfd5828000-79dfd5838000 rw-p 00000000 00:00 0 
79dfd5838000-79dfd583b000 r--p 00000000 00:258 52587221                  /usr/lib/x86_64-linux-gnu/libz.so.1.3.1
79dfd583b000-79dfd584e000 r-xp 00003000 00:258 52587221                  /usr/lib/x86_64-linux-gnu/libz.so.1.3.1
79dfd584e000-79dfd5854000 r--p 00016000 00:258 52587221                  /usr/lib/x86_64-linux-gnu/libz.so.1.3.1
79dfd5854000-79dfd5855000 r--p 0001c000 00:258 52587221                  /usr/lib/x86_64-linux-gnu/libz.so.1.3.1
79dfd5855000-79dfd5856000 rw-p 0001d000 00:258 52587221                  /usr/lib/x86_64-linux-gnu/libz.so.1.3.1
79dfd5856000-79dfd5857000 r--p 00000000 00:abe 7                         /tmp/native-12215121731361310912.so
79dfd5857000-79dfd5858000 r-xp 00001000 00:abe 7                         /tmp/native-12215121731361310912.so
79dfd5858000-79dfd5859000 r--p 00002000 00:abe 7                         /tmp/native-12215121731361310912.so
79dfd5859000-79dfd585a000 r--p 00002000 00:abe 7                         /tmp/native-12215121731361310912.so
79dfd585a000-79dfd585b000 rw-p 00003000 00:abe 7                         /tmp/native-12215121731361310912.so
79dfd585b000-79dfd585d000 r--p 00000000 00:abe 5                         /tmp/native-2827239586295121283.so
79dfd585d000-79dfd5869000 r-xp 00002000 00:abe 5                         /tmp/native-2827239586295121283.so
79dfd5869000-79dfd586b000 r--p 0000e000 00:abe 5                         /tmp/native-2827239586295121283.so
79dfd586b000-79dfd586c000 ---p 00010000 00:abe 5                         /tmp/native-2827239586295121283.so
79dfd586c000-79dfd586d000 r--p 00010000 00:abe 5                         /tmp/native-2827239586295121283.so
79dfd586d000-79dfd586e000 rw-p 00011000 00:abe 5                         /tmp/native-2827239586295121283.so
79dfd586e000-79dfd5871000 r--p 00000000 00:258 52586119                  /opt/java/openjdk/lib/libawt_headless.so
79dfd5871000-79dfd5875000 r-xp 00003000 00:258 52586119                  /opt/java/openjdk/lib/libawt_headless.so
79dfd5875000-79dfd5877000 r--p 00007000 00:258 52586119                  /opt/java/openjdk/lib/libawt_headless.so
79dfd5877000-79dfd5878000 r--p 00008000 00:258 52586119                  /opt/java/openjdk/lib/libawt_headless.so
79dfd5878000-79dfd5879000 rw-p 00009000 00:258 52586119                  /opt/java/openjdk/lib/libawt_headless.so
79dfd5879000-79dfd587a000 r--p 00000000 00:258 52586122                  /opt/java/openjdk/lib/libextnet.so
79dfd587a000-79dfd587b000 r-xp 00001000 00:258 52586122                  /opt/java/openjdk/lib/libextnet.so
79dfd587b000-79dfd587c000 r--p 00002000 00:258 52586122                  /opt/java/openjdk/lib/libextnet.so
79dfd587c000-79dfd587d000 r--p 00002000 00:258 52586122                  /opt/java/openjdk/lib/libextnet.so
79dfd587d000-79dfd587e000 rw-p 00003000 00:258 52586122                  /opt/java/openjdk/lib/libextnet.so
79dfd587e000-79dfd5885000 r--s 00000000 00:258 52587101                  /usr/lib/x86_64-linux-gnu/gconv/gconv-modules.cache
79dfd5885000-79dfd588d000 r--p 00000000 00:258 52587214                  /usr/lib/x86_64-linux-gnu/libudev.so.1.7.12
79dfd588d000-79dfd58b4000 r-xp 00008000 00:258 52587214                  /usr/lib/x86_64-linux-gnu/libudev.so.1.7.12
79dfd58b4000-79dfd58c6000 r--p 0002f000 00:258 52587214                  /usr/lib/x86_64-linux-gnu/libudev.so.1.7.12
79dfd58c6000-79dfd58cb000 r--p 00041000 00:258 52587214                  /usr/lib/x86_64-linux-gnu/libudev.so.1.7.12
79dfd58cb000-79dfd58cc000 rw-p 00046000 00:258 52587214                  /usr/lib/x86_64-linux-gnu/libudev.so.1.7.12
79dfd58cc000-79dfd58d0000 ---p 00000000 00:00 0 
79dfd58d0000-79dfd58ee000 rw-p 00000000 00:00 0 
79dfd58ee000-79dfd58f2000 r--p 00000000 00:258 52594848                  /opt/java/openjdk/lib/libverify.so
79dfd58f2000-79dfd58fb000 r-xp 00004000 00:258 52594848                  /opt/java/openjdk/lib/libverify.so
79dfd58fb000-79dfd58fd000 r--p 0000d000 00:258 52594848                  /opt/java/openjdk/lib/libverify.so
79dfd58fd000-79dfd58ff000 r--p 0000e000 00:258 52594848                  /opt/java/openjdk/lib/libverify.so
79dfd58ff000-79dfd5900000 rw-p 00010000 00:258 52594848                  /opt/java/openjdk/lib/libverify.so
79dfd5900000-79dfd5904000 ---p 00000000 00:00 0 
79dfd5904000-79dfd5a00000 rw-p 00000000 00:00 0 
79dfd5a00000-79dfd5a04000 ---p 00000000 00:00 0 
79dfd5a04000-79dfd5b00000 rw-p 00000000 00:00 0 
79dfd5b00000-79dfd5b04000 ---p 00000000 00:00 0 
79dfd5b04000-79dfd5c00000 rw-p 00000000 00:00 0 
79dfd5c00000-79dfd5c04000 ---p 00000000 00:00 0 
79dfd5c04000-79dfd5d00000 rw-p 00000000 00:00 0 
79dfd5d00000-79dfd5d04000 ---p 00000000 00:00 0 
79dfd5d04000-79dfd5e00000 rw-p 00000000 00:00 0 
79dfd5e00000-79dfd5e04000 ---p 00000000 00:00 0 
79dfd5e04000-79dfd5f00000 rw-p 00000000 00:00 0 
79dfd5f00000-79dfd5f04000 ---p 00000000 00:00 0 
79dfd5f04000-79dfd6000000 rw-p 00000000 00:00 0 
79dfd6000000-79dfd8021000 rw-p 00000000 00:00 0 
79dfd8021000-79dfdc000000 ---p 00000000 00:00 0 
79dfdc000000-79dfdc021000 rw-p 00000000 00:00 0 
79dfdc021000-79dfe0000000 ---p 00000000 00:00 0 
79dfe0000000-79dfe0064000 rw-p 00000000 00:00 0 
79dfe0064000-79dfe4000000 ---p 00000000 00:00 0 
79dfe4001000-79dfe4002000 r--p 00000000 00:258 52594824                  /opt/java/openjdk/lib/libjaas.so
79dfe4002000-79dfe4003000 r-xp 00001000 00:258 52594824                  /opt/java/openjdk/lib/libjaas.so
79dfe4003000-79dfe4004000 r--p 00002000 00:258 52594824                  /opt/java/openjdk/lib/libjaas.so
79dfe4004000-79dfe4005000 r--p 00002000 00:258 52594824                  /opt/java/openjdk/lib/libjaas.so
79dfe4005000-79dfe4006000 rw-p 00003000 00:258 52594824                  /opt/java/openjdk/lib/libjaas.so
79dfe4006000-79dfe4008000 r--p 00000000 00:258 52594837                  /opt/java/openjdk/lib/libmanagement_ext.so
79dfe4008000-79dfe400b000 r-xp 00002000 00:258 52594837                  /opt/java/openjdk/lib/libmanagement_ext.so
79dfe400b000-79dfe400c000 r--p 00005000 00:258 52594837                  /opt/java/openjdk/lib/libmanagement_ext.so
79dfe400c000-79dfe400d000 r--p 00006000 00:258 52594837                  /opt/java/openjdk/lib/libmanagement_ext.so
79dfe400d000-79dfe400e000 rw-p 00007000 00:258 52594837                  /opt/java/openjdk/lib/libmanagement_ext.so
79dfe400e000-79dfe4012000 ---p 00000000 00:00 0 
79dfe4012000-79dfe410e000 rw-p 00000000 00:00 0 
79dfe410e000-79dfe4112000 ---p 00000000 00:00 0 
79dfe4112000-79dfe420e000 rw-p 00000000 00:00 0 
79dfe420e000-79dfe4212000 ---p 00000000 00:00 0 
79dfe4212000-79dfe430e000 rw-p 00000000 00:00 0 
79dfe430e000-79dfe4312000 ---p 00000000 00:00 0 
79dfe4312000-79dfe440e000 rw-p 00000000 00:00 0 
79dfe440e000-79dfe46fb000 r--p 00000000 00:258 52593013                  /usr/lib/locale/locale-archive
79dfe46fb000-79dfe46fc000 ---p 00000000 00:00 0 
79dfe46fc000-79dfe47fc000 rw-p 00000000 00:00 0 
79dfe47fc000-79dfe47fd000 ---p 00000000 00:00 0 
79dfe47fd000-79dfe48fd000 rw-p 00000000 00:00 0 
79dfe48fd000-79dfe48fe000 ---p 00000000 00:00 0 
79dfe48fe000-79dfe49fe000 rw-p 00000000 00:00 0 
79dfe49fe000-79dfe49ff000 ---p 00000000 00:00 0 
79dfe49ff000-79dfe4aff000 rw-p 00000000 00:00 0 
79dfe4aff000-79dfe5a80000 rw-p 00000000 00:00 0 
79dfe5a80000-79dfe5b50000 ---p 00000000 00:00 0 
79dfe5b50000-79dfe5c00000 rw-p 00000000 00:00 0 
79dfe5c00000-79dfeaac0000 ---p 00000000 00:00 0 
79dfeaac0000-79dfeadd0000 rw-p 00000000 00:00 0 
79dfeadd0000-79dfeadea000 ---p 00000000 00:00 0 
79dfeadea000-79dfeae00000 rw-p 00000000 00:00 0 
79dfeae00000-79dfeb7d8000 ---p 00000000 00:00 0 
79dfeb7d8000-79dfeb9d0000 rw-p 00000000 00:00 0 
79dfeb9d0000-79dfeb9ea000 ---p 00000000 00:00 0 
79dfeb9ea000-79dfeba00000 rw-p 00000000 00:00 0 
79dfeba00000-79dfec3d8000 ---p 00000000 00:00 0 
79dfec3d8000-79dfec400000 rw-p 00000000 00:00 0 
79dfec400000-79dfec403000 r--p 00000000 00:258 52594835                  /opt/java/openjdk/lib/libmanagement.so
79dfec403000-79dfec404000 r-xp 00003000 00:258 52594835                  /opt/java/openjdk/lib/libmanagement.so
79dfec404000-79dfec405000 r--p 00004000 00:258 52594835                  /opt/java/openjdk/lib/libmanagement.so
79dfec405000-79dfec406000 r--p 00004000 00:258 52594835                  /opt/java/openjdk/lib/libmanagement.so
79dfec406000-79dfec407000 rw-p 00005000 00:258 52594835                  /opt/java/openjdk/lib/libmanagement.so
79dfec407000-79dfec409000 r--p 00000000 00:258 52594849                  /opt/java/openjdk/lib/libzip.so
79dfec409000-79dfec41c000 r-xp 00002000 00:258 52594849                  /opt/java/openjdk/lib/libzip.so
79dfec41c000-79dfec423000 r--p 00015000 00:258 52594849                  /opt/java/openjdk/lib/libzip.so
79dfec423000-79dfec424000 r--p 0001c000 00:258 52594849                  /opt/java/openjdk/lib/libzip.so
79dfec424000-79dfec425000 rw-p 0001d000 00:258 52594849                  /opt/java/openjdk/lib/libzip.so
79dfec425000-79dfec428000 r--p 00000000 00:258 52594839                  /opt/java/openjdk/lib/libnet.so
79dfec428000-79dfec430000 r-xp 00003000 00:258 52594839                  /opt/java/openjdk/lib/libnet.so
79dfec430000-79dfec432000 r--p 0000b000 00:258 52594839                  /opt/java/openjdk/lib/libnet.so
79dfec432000-79dfec433000 r--p 0000c000 00:258 52594839                  /opt/java/openjdk/lib/libnet.so
79dfec433000-79dfec434000 rw-p 0000d000 00:258 52594839                  /opt/java/openjdk/lib/libnet.so
79dfec434000-79dfec43c000 r--p 00000000 00:258 52594840                  /opt/java/openjdk/lib/libnio.so
79dfec43c000-79dfec445000 r-xp 00008000 00:258 52594840                  /opt/java/openjdk/lib/libnio.so
79dfec445000-79dfec449000 r--p 00011000 00:258 52594840                  /opt/java/openjdk/lib/libnio.so
79dfec449000-79dfec44a000 r--p 00015000 00:258 52594840                  /opt/java/openjdk/lib/libnio.so
79dfec44a000-79dfec44b000 rw-p 00016000 00:258 52594840                  /opt/java/openjdk/lib/libnio.so
79dfec44b000-79dfec4cc000 rw-p 00000000 00:00 0 
79dfec4cc000-79dfed8ac000 rwxp 00000000 00:00 0 
79dfed8ac000-79dff3a05000 ---p 00000000 00:00 0 
79dff3a05000-79dff3d05000 rwxp 00000000 00:00 0 
79dff3d05000-79dff3f94000 ---p 00000000 00:00 0 
79dff3f94000-79dff4604000 rwxp 00000000 00:00 0 
79dff4604000-79dffb4cd000 ---p 00000000 00:00 0 
79dffb4cd000-79e004000000 r--s 00000000 00:258 52594850                  /opt/java/openjdk/lib/modules
79e004000000-79e0041de000 rw-p 00000000 00:00 0 
79e0041de000-79e008000000 ---p 00000000 00:00 0 
79e008003000-79e008004000 r--p 00000000 00:258 52594845                  /opt/java/openjdk/lib/libsimdsort.so
79e008004000-79e00803d000 r-xp 00001000 00:258 52594845                  /opt/java/openjdk/lib/libsimdsort.so
79e00803d000-79e008043000 r--p 0003a000 00:258 52594845                  /opt/java/openjdk/lib/libsimdsort.so
79e008043000-79e008044000 r--p 0003f000 00:258 52594845                  /opt/java/openjdk/lib/libsimdsort.so
79e008044000-79e008045000 rw-p 00040000 00:258 52594845                  /opt/java/openjdk/lib/libsimdsort.so
79e008045000-79e0082e3000 rw-p 00000000 00:00 0 
79e0082e3000-79e0082e4000 ---p 00000000 00:00 0 
79e0082e4000-79e0083e4000 rw-p 00000000 00:00 0 
79e0083e4000-79e0083e5000 ---p 00000000 00:00 0 
79e0083e5000-79e0084e5000 rw-p 00000000 00:00 0 
79e0084e5000-79e0084e6000 ---p 00000000 00:00 0 
79e0084e6000-79e0085e6000 rw-p 00000000 00:00 0 
79e0085e6000-79e00892a000 rw-p 00000000 00:00 0 
79e00892a000-79e008a08000 ---p 00000000 00:00 0 
79e008a08000-79e008a0e000 rw-p 00000000 00:00 0 
79e008a0e000-79e008a14000 ---p 00000000 00:00 0 
79e008a14000-79e008a3c000 rw-p 00000000 00:00 0 
79e008a3c000-79e008aff000 ---p 00000000 00:00 0 
79e008aff000-79e008b0d000 r--p 00000000 00:258 52594825                  /opt/java/openjdk/lib/libjava.so
79e008b0d000-79e008b1b000 r-xp 0000e000 00:258 52594825                  /opt/java/openjdk/lib/libjava.so
79e008b1b000-79e008b20000 r--p 0001c000 00:258 52594825                  /opt/java/openjdk/lib/libjava.so
79e008b20000-79e008b21000 r--p 00021000 00:258 52594825                  /opt/java/openjdk/lib/libjava.so
79e008b21000-79e008b22000 rw-p 00022000 00:258 52594825                  /opt/java/openjdk/lib/libjava.so
79e008b22000-79e008b2b000 rw-p 00000000 00:00 0 
79e008b2b000-79e008b2f000 r--p 00000000 00:258 52594829                  /opt/java/openjdk/lib/libjimage.so
79e008b2f000-79e008b47000 r-xp 00004000 00:258 52594829                  /opt/java/openjdk/lib/libjimage.so
79e008b47000-79e008b4d000 r--p 0001c000 00:258 52594829                  /opt/java/openjdk/lib/libjimage.so
79e008b4d000-79e008b4f000 r--p 00021000 00:258 52594829                  /opt/java/openjdk/lib/libjimage.so
79e008b4f000-79e008b50000 rw-p 00023000 00:258 52594829                  /opt/java/openjdk/lib/libjimage.so
79e008b50000-79e008b54000 ---p 00000000 00:00 0 
79e008b54000-79e008c50000 rw-p 00000000 00:00 0 
79e008c50000-79e008c62000 r--p 00000000 00:258 52587162                  /usr/lib/x86_64-linux-gnu/libm.so.6
79e008c62000-79e008d02000 r-xp 00012000 00:258 52587162                  /usr/lib/x86_64-linux-gnu/libm.so.6
79e008d02000-79e008d74000 r--p 000b2000 00:258 52587162                  /usr/lib/x86_64-linux-gnu/libm.so.6
79e008d74000-79e008d75000 r--p 00123000 00:258 52587162                  /usr/lib/x86_64-linux-gnu/libm.so.6
79e008d75000-79e008d76000 rw-p 00124000 00:258 52587162                  /usr/lib/x86_64-linux-gnu/libm.so.6
79e008d76000-79e008d77000 r--p 00000000 00:258 52587193                  /usr/lib/x86_64-linux-gnu/librt.so.1
79e008d77000-79e008d78000 r-xp 00001000 00:258 52587193                  /usr/lib/x86_64-linux-gnu/librt.so.1
79e008d78000-79e008d79000 r--p 00002000 00:258 52587193                  /usr/lib/x86_64-linux-gnu/librt.so.1
79e008d79000-79e008d7a000 r--p 00002000 00:258 52587193                  /usr/lib/x86_64-linux-gnu/librt.so.1
79e008d7a000-79e008d7b000 rw-p 00003000 00:258 52587193                  /usr/lib/x86_64-linux-gnu/librt.so.1
79e008d7b000-79e00905e000 r--p 00000000 00:258 52594863                  /opt/java/openjdk/lib/server/libjvm.so
79e00905e000-79e00a0ea000 r-xp 002e3000 00:258 52594863                  /opt/java/openjdk/lib/server/libjvm.so
79e00a0ea000-79e00a3fb000 r--p 0136f000 00:258 52594863                  /opt/java/openjdk/lib/server/libjvm.so
79e00a3fb000-79e00a4e5000 r--p 01680000 00:258 52594863                  /opt/java/openjdk/lib/server/libjvm.so
79e00a4e5000-79e00a511000 rw-p 0176a000 00:258 52594863                  /opt/java/openjdk/lib/server/libjvm.so
79e00a511000-79e00a58f000 rw-p 00000000 00:00 0 
79e00a58f000-79e00a590000 r--p 00000000 00:258 52587191                  /usr/lib/x86_64-linux-gnu/libpthread.so.0
79e00a590000-79e00a591000 r-xp 00001000 00:258 52587191                  /usr/lib/x86_64-linux-gnu/libpthread.so.0
79e00a591000-79e00a592000 r--p 00002000 00:258 52587191                  /usr/lib/x86_64-linux-gnu/libpthread.so.0
79e00a592000-79e00a593000 r--p 00002000 00:258 52587191                  /usr/lib/x86_64-linux-gnu/libpthread.so.0
79e00a593000-79e00a594000 rw-p 00003000 00:258 52587191                  /usr/lib/x86_64-linux-gnu/libpthread.so.0
79e00a594000-79e00a595000 r--p 00000000 00:258 52587142                  /usr/lib/x86_64-linux-gnu/libdl.so.2
79e00a595000-79e00a596000 r-xp 00001000 00:258 52587142                  /usr/lib/x86_64-linux-gnu/libdl.so.2
79e00a596000-79e00a597000 r--p 00002000 00:258 52587142                  /usr/lib/x86_64-linux-gnu/libdl.so.2
79e00a597000-79e00a598000 r--p 00002000 00:258 52587142                  /usr/lib/x86_64-linux-gnu/libdl.so.2
79e00a598000-79e00a599000 rw-p 00003000 00:258 52587142                  /usr/lib/x86_64-linux-gnu/libdl.so.2
79e00a599000-79e00a5c1000 r--p 00000000 00:258 52587130                  /usr/lib/x86_64-linux-gnu/libc.so.6
79e00a5c1000-79e00a759000 r-xp 00028000 00:258 52587130                  /usr/lib/x86_64-linux-gnu/libc.so.6
79e00a759000-79e00a7a7000 r--p 001c0000 00:258 52587130                  /usr/lib/x86_64-linux-gnu/libc.so.6
79e00a7a7000-79e00a7ab000 r--p 0020d000 00:258 52587130                  /usr/lib/x86_64-linux-gnu/libc.so.6
79e00a7ab000-79e00a7ad000 rw-p 00211000 00:258 52587130                  /usr/lib/x86_64-linux-gnu/libc.so.6
79e00a7ad000-79e00a7ba000 rw-p 00000000 00:00 0 
79e00a7ba000-79e00a7bb000 ---p 00000000 00:00 0 
79e00a7bb000-79e00a7bc000 r--p 00000000 00:00 0 
79e00a7bc000-79e00a7bd000 ---p 00000000 00:00 0 
79e00a7bd000-79e00a7c0000 r--p 00000000 00:258 52594830                  /opt/java/openjdk/lib/libjli.so
79e00a7c0000-79e00a7d1000 r-xp 00003000 00:258 52594830                  /opt/java/openjdk/lib/libjli.so
79e00a7d1000-79e00a7d8000 r--p 00014000 00:258 52594830                  /opt/java/openjdk/lib/libjli.so
79e00a7d8000-79e00a7d9000 r--p 0001a000 00:258 52594830                  /opt/java/openjdk/lib/libjli.so
79e00a7d9000-79e00a7da000 rw-p 0001b000 00:258 52594830                  /opt/java/openjdk/lib/libjli.so
79e00a7da000-79e00a7dc000 rw-p 00000000 00:00 0 
79e00a7dc000-79e00a7dd000 r--p 00000000 00:258 52587110                  /usr/lib/x86_64-linux-gnu/ld-linux-x86-64.so.2
79e00a7dd000-79e00a80c000 r-xp 00001000 00:258 52587110                  /usr/lib/x86_64-linux-gnu/ld-linux-x86-64.so.2
79e00a80c000-79e00a817000 r--p 00030000 00:258 52587110                  /usr/lib/x86_64-linux-gnu/ld-linux-x86-64.so.2
79e00a817000-79e00a819000 r--p 0003b000 00:258 52587110                  /usr/lib/x86_64-linux-gnu/ld-linux-x86-64.so.2
79e00a819000-79e00a81a000 rw-p 0003d000 00:258 52587110                  /usr/lib/x86_64-linux-gnu/ld-linux-x86-64.so.2
79e00a81a000-79e00a81b000 rw-p 00000000 00:00 0 
7fff4d9b8000-7fff4d9d9000 rw-p 00000000 00:00 0                          [stack]
7fff4d9f6000-7fff4d9fa000 r--p 00000000 00:00 0                          [vvar]
7fff4d9fa000-7fff4d9fc000 r-xp 00000000 00:00 0                          [vdso]
ffffffffff600000-ffffffffff601000 --xp 00000000 00:00 0                  [vsyscall]
Total number of mappings: 527

JVMTI agents: none


VM Arguments:
jvm_args: -Xms128M -Xmx6144M -Dterminal.jline=false -Dterminal.ansi=true 
java_command: server.jar
java_class_path (initial): server.jar
Launcher Type: SUN_STANDARD

[Global flags]
     intx CICompilerCount                          = 2                                         {product} {ergonomic}
     uint ConcGCThreads                            = 1                                         {product} {ergonomic}
     uint G1ConcRefinementThreads                  = 3                                         {product} {ergonomic}
   size_t G1HeapRegionSize                         = 4194304                                   {product} {ergonomic}
   size_t InitialHeapSize                          = 134217728                                 {product} {command line}
   size_t MarkStackSize                            = 4194304                                   {product} {ergonomic}
   size_t MarkStackSizeMax                         = 536870912                                 {product} {ergonomic}
   size_t MaxHeapSize                              = 6442450944                                {product} {command line}
   size_t MaxNewSize                               = 3862953984                                {product} {ergonomic}
   size_t MinHeapDeltaBytes                        = 4194304                                   {product} {ergonomic}
   size_t MinHeapSize                              = 134217728                                 {product} {command line}
    uintx NonNMethodCodeHeapSize                   = 5828608                                {pd product} {ergonomic}
    uintx NonProfiledCodeHeapSize                  = 122916864                              {pd product} {ergonomic}
     bool PerfDisableSharedMem                     = true                                      {product} {ergonomic}
    uintx ProfiledCodeHeapSize                     = 122916864                              {pd product} {ergonomic}
    uintx ReservedCodeCacheSize                    = 251662336                              {pd product} {ergonomic}
     bool SegmentedCodeCache                       = true                                      {product} {ergonomic}
   size_t SoftMaxHeapSize                          = 6442450944                             {manageable} {ergonomic}
     bool UseCompressedOops                        = true                           {product lp64_product} {ergonomic}
     bool UseG1GC                                  = true                                      {product} {ergonomic}

Logging:
Log output configuration:
 #0: stdout all=warning uptime,level,tags foldmultilines=false
 #1: stderr all=off uptime,level,tags foldmultilines=false

Release file:
IMPLEMENTOR="Eclipse Adoptium"
IMPLEMENTOR_VERSION="Temurin-25.0.3+9"
JAVA_RUNTIME_VERSION="25.0.3+9-LTS"
JAVA_VERSION="25.0.3"
JAVA_VERSION_DATE="2026-04-21"
LIBC="gnu"
MODULES="java.base java.compiler java.datatransfer java.xml java.prefs java.desktop java.instrument java.logging java.management java.security.sasl java.naming java.rmi java.management.rmi java.net.http java.scripting java.security.jgss java.transaction.xa java.sql java.sql.rowset java.xml.crypto java.se java.smartcardio jdk.accessibility jdk.internal.jvmstat jdk.attach jdk.charsets jdk.internal.opt jdk.zipfs jdk.compiler jdk.crypto.cryptoki jdk.crypto.ec jdk.dynalink jdk.internal.ed jdk.editpad jdk.internal.vm.ci jdk.graal.compiler jdk.graal.compiler.management jdk.hotspot.agent jdk.httpserver jdk.incubator.vector jdk.internal.le jdk.internal.md jdk.jartool jdk.javadoc jdk.jcmd jdk.management jdk.management.agent jdk.jconsole jdk.jdeps jdk.jdwp.agent jdk.jdi jdk.jfr jdk.jlink jdk.jpackage jdk.jshell jdk.jsobject jdk.jstatd jdk.localedata jdk.management.jfr jdk.naming.dns jdk.naming.rmi jdk.net jdk.nio.mapmode jdk.sctp jdk.security.auth jdk.security.jgss jdk.unsupported jdk.unsupported.desktop jdk.xml.dom"
OS_ARCH="x86_64"
OS_NAME="Linux"
SOURCE=".:git:cda0a1776184"
BUILD_SOURCE="git:a612825ee82a20ac872d60958c349854c1f29a8e"
BUILD_SOURCE_REPO="https://github.com/adoptium/temurin-build.git"
SOURCE_REPO="https://github.com/adoptium/jdk25u.git"
FULL_VERSION="25.0.3+9-LTS"
SEMANTIC_VERSION="25.0.3+9"
BUILD_INFO="OS: Linux Version: 6.8.0-1051-azure"
JVM_VARIANT="Hotspot"
JVM_VERSION="25.0.3+9-LTS"
IMAGE_TYPE="JDK"

Environment Variables:
JAVA_HOME=/opt/java/openjdk
PATH=/opt/java/openjdk/bin:/usr/local/sbin:/usr/local/bin:/usr/sbin:/usr/bin:/sbin:/bin
LANG=en_US.UTF-8
LC_ALL=en_US.UTF-8
TERM=xterm
TZ=Europe/Berlin

Active Locale:
LC_ALL=en_US.UTF-8
LC_COLLATE=en_US.UTF-8
LC_CTYPE=en_US.UTF-8
LC_MESSAGES=en_US.UTF-8
LC_MONETARY=en_US.UTF-8
LC_NUMERIC=en_US.UTF-8
LC_TIME=en_US.UTF-8

Signal Handlers:
   SIGSEGV: crash_handler in libjvm.so, mask=11100100010111111101111111111110, flags=SA_RESTART|SA_SIGINFO, unblocked
    SIGBUS: crash_handler in libjvm.so, mask=11100100010111111101111111111110, flags=SA_RESTART|SA_SIGINFO, unblocked
    SIGFPE: crash_handler in libjvm.so, mask=11100100010111111101111111111110, flags=SA_RESTART|SA_SIGINFO, unblocked
   SIGPIPE: javaSignalHandler in libjvm.so, mask=11100100010111111101111111111110, flags=SA_RESTART|SA_SIGINFO, blocked
   SIGXFSZ: javaSignalHandler in libjvm.so, mask=11100100010111111101111111111110, flags=SA_RESTART|SA_SIGINFO, blocked
    SIGILL: crash_handler in libjvm.so, mask=11100100010111111101111111111110, flags=SA_RESTART|SA_SIGINFO, unblocked
   SIGUSR2: SR_handler in libjvm.so, mask=00000000000000000000000000000000, flags=SA_RESTART|SA_SIGINFO, blocked
    SIGHUP: UserHandler in libjvm.so, mask=11100100010111111101111111111110, flags=SA_RESTART|SA_SIGINFO, blocked
    SIGINT: UserHandler in libjvm.so, mask=11100100010111111101111111111110, flags=SA_RESTART|SA_SIGINFO, blocked
   SIGTERM: UserHandler in libjvm.so, mask=11100100010111111101111111111110, flags=SA_RESTART|SA_SIGINFO, blocked
   SIGQUIT: UserHandler in libjvm.so, mask=11100100010111111101111111111110, flags=SA_RESTART|SA_SIGINFO, blocked
   SIGTRAP: crash_handler in libjvm.so, mask=11100100010111111101111111111110, flags=SA_RESTART|SA_SIGINFO, unblocked


Compilation memory statistics disabled.

Periodic native trim disabled

---------------  S Y S T E M  ---------------

OS:
DISTRIB_ID=Ubuntu
DISTRIB_RELEASE=26.04
DISTRIB_CODENAME=resolute
DISTRIB_DESCRIPTION="Ubuntu 26.04 LTS"
uname: Linux 6.8.0-100-generic #100-Ubuntu SMP PREEMPT_DYNAMIC Tue Jan 13 16:40:06 UTC 2026 x86_64
OS uptime: 155 days 18:01 hours
libc: glibc 2.43 NPTL 2.43 
rlimit (soft/hard): STACK 8192k/infinity , CORE infinity/infinity , NPROC infinity/infinity , NOFILE 524288/524288 , AS infinity/infinity , CPU infinity/infinity , DATA infinity/infinity , FSIZE infinity/infinity , MEMLOCK 8192k/8192k
load average: 27.04 29.35 27.28

/proc/meminfo:
MemTotal:       263603876 kB
MemFree:         4552896 kB
MemAvailable:   85565904 kB
Buffers:         2808912 kB
Cached:         73124132 kB
SwapCached:        66540 kB
Active:         177096520 kB
Inactive:       69773196 kB
Active(anon):   168060596 kB
Inactive(anon):  3017860 kB
Active(file):    9035924 kB
Inactive(file): 66755336 kB
Unevictable:       30256 kB
Mlocked:           27184 kB
SwapTotal:       4194300 kB
SwapFree:        3423228 kB
Zswap:                 0 kB
Zswapped:              0 kB
Dirty:             77380 kB
Writeback:             0 kB
AnonPages:      170951128 kB
Mapped:           721764 kB
Shmem:            132508 kB
KReclaimable:    7511328 kB
Slab:            8920676 kB
SReclaimable:    7511328 kB
SUnreclaim:      1409348 kB
KernelStack:      160464 kB
PageTables:       452748 kB
SecPageTables:         0 kB
NFS_Unstable:          0 kB
Bounce:                0 kB
WritebackTmp:          0 kB
CommitLimit:    134947660 kB
Committed_AS:   209876756 kB
VmallocTotal:   34359738367 kB
VmallocUsed:      200564 kB
VmallocChunk:          0 kB
Percpu:           241056 kB
HardwareCorrupted:     0 kB
AnonHugePages:         0 kB
ShmemHugePages:        0 kB
ShmemPmdMapped:        0 kB
FileHugePages:         0 kB
FilePmdMapped:         0 kB
Unaccepted:            0 kB
HugePages_Total:    1024
HugePages_Free:      893
HugePages_Rsvd:        0
HugePages_Surp:        0
Hugepagesize:       2048 kB
Hugetlb:         2097152 kB
DirectMap4k:      782040 kB
DirectMap2M:    73349120 kB
DirectMap1G:    193986560 kB

/sys/kernel/mm/transparent_hugepage/enabled: always madvise [never]
/sys/kernel/mm/transparent_hugepage/hpage_pmd_size: 2097152
/sys/kernel/mm/transparent_hugepage/shmem_enabled: always within_size advise [never] deny force
/sys/kernel/mm/transparent_hugepage/defrag (defrag/compaction efforts parameter): always defer defer+madvise [madvise] never

Process Memory:
Virtual Size: 12567180K (peak: 12567180K)
Resident Set Size: 1506916K (peak: 1506916K) (anon: 1470796K, file: 35976K, shmem: 144K)
Swapped out: 0K
C-Heap outstanding allocations: 129819K, retained: 52612K
glibc malloc tunables: (default)

/proc/sys/kernel/threads-max (system-wide limit on the number of threads): 2058767
/proc/sys/vm/max_map_count (maximum number of memory map areas a process may have): 1048576
/proc/sys/vm/swappiness (control to define how aggressively the kernel swaps out anonymous memory): 1
/proc/sys/kernel/pid_max (system-wide limit on number of process identifiers): 4194304

container (cgroup) information:
container_type: cgroupv2
cpu_cpuset_cpus: 
cpu_memory_nodes: 
active_processor_count: 3
cpu_quota: 300000
cpu_period: 100000
cpu_shares: no shares
cpu_usage_in_micros: 62601174
memory_limit_in_bytes: 6606028 k
memory_and_swap_limit_in_bytes: 7654604 k
memory_soft_limit_in_bytes: 6291456 k
memory_throttle_limit_in_bytes: unlimited
memory_usage_in_bytes: 1480320 k
memory_max_usage_in_bytes: 1480320 k
rss_usage_in_bytes: 1470800 k
cache_usage_in_bytes: 1028 k
memory_swap_current_in_bytes: 0
memory_swap_max_limit_in_bytes: 1048576 k
maximum number of tasks: 512
current number of tasks: 67

Steal ticks since vm start: 0
Steal ticks percentage since vm start:  0.000

CPU: total 36 (initial active 3) (18 cores per cpu, 2 threads per core) family 6 model 85 stepping 7 microcode 0x5003901, cx8, cmov, fxsr, ht, mmx, 3dnowpref, sse, sse2, sse3, ssse3, sse4.1, sse4.2, popcnt, lzcnt, tsc, tscinvbit, avx, avx2, aes, erms, clmul, bmi1, bmi2, adx, avx512f, avx512dq, avx512cd, avx512bw, avx512vl, fma, vzeroupper, avx512_vnni, clflush, clflushopt, clwb, rdtscp, f16c
CPU Model and flags from /proc/cpuinfo:
model name	: Intel(R) Xeon(R) W-2295 CPU @ 3.00GHz
flags		: fpu vme de pse tsc msr pae mce cx8 apic sep mtrr pge mca cmov pat pse36 clflush dts acpi mmx fxsr sse sse2 ss ht tm pbe syscall nx pdpe1gb rdtscp lm constant_tsc art arch_perfmon pebs bts rep_good nopl xtopology nonstop_tsc cpuid aperfmperf pni pclmulqdq dtes64 monitor ds_cpl vmx smx est tm2 ssse3 sdbg fma cx16 xtpr pdcm pcid dca sse4_1 sse4_2 x2apic movbe popcnt tsc_deadline_timer aes xsave avx f16c rdrand lahf_lm abm 3dnowprefetch cpuid_fault epb cat_l3 cdp_l3 intel_ppin ssbd mba ibrs ibpb stibp ibrs_enhanced tpr_shadow flexpriority ept vpid ept_ad fsgsbase tsc_adjust bmi1 avx2 smep bmi2 erms invpcid cqm mpx rdt_a avx512f avx512dq rdseed adx smap clflushopt clwb intel_pt avx512cd avx512bw avx512vl xsaveopt xsavec xgetbv1 xsaves cqm_llc cqm_occup_llc cqm_mbm_total cqm_mbm_local dtherm ida arat pln pts hwp hwp_act_window hwp_epp hwp_pkg_req vnmi avx512_vnni md_clear flush_l1d arch_capabilities ibpb_exit_to_user

Online cpus: 0-35
Offline cpus: 
BIOS frequency limitation: <Not Available>
Frequency switch latency (ns): 0
Available cpu frequencies: <Not Available>
Current governor: performance
Core performance/turbo boost: <Not Available>

Memory: 4k page, physical 6606028k(5125708k free), swap 4194300k(3423228k free)
Page Sizes: 4k

vm_info: OpenJDK 64-Bit Server VM (25.0.3+9-LTS) for linux-amd64 JRE (25.0.3+9-LTS), built on 2026-04-21T00:00:00Z with gcc 14.2.0

END.
